country,population,income_group,expenditure($),who_region,disabled_life_years,smr_2013,smr_2016,smr_2019,pub_articles,mh_research_country_2013(%),mh_research_country_2016(%),mh_research_country_2019(%),mh_research_region,policy,year_policy,policy_score,hr_resources_plan,finance_resources_plan,mh_law,law_year,law_score,dedcated_body,mh_child_policy,year_child_policy,mh_adolescent_policy,year_adolescent_policy,mh_suicide_prevention_policy,year_suicide_prevention_policy,mh_expenditure,mh_expenditure_hospital,service_pay_method,service_pay_medication,mh_inclusive_schemes,no_psychiatrists,no_total_health_profs,no_psychologists,no_social_wrks,no_other_workers,no_total_workers,mh_workers_2014,mh_workers_2017,mh_workers_2020,mh_workers_psych,mh_workers_all,functionality_score,mh_op_facilities_hosp,non_hosp_op_facilities,other_op_facilities,op_facilities_ca,hosp_facilities_vists,non_hosp_facilities_visits,other_facilities_vists,op_facilities_ca_visits,ip_hosp,ip_psych,ip_community,ip_ca,mh_beds,mh_annual,psych_bed,psych_admission,community_beds,community_admissions,caa_beds,ca_adminssions,mh_hosps_total_adm,involuntary_adms,follow_up,ip_lt_1yr,ip_1_5,ip_gt_5,ip_timely_servies,total_comm_facilities,comm_100k,total_pshycosis,total_pshycosis_male,total_pshycosis_female,ip_adm_2014,ip_adm_2017,ip_adm_2020,op_adm_2014,op_adm_2017,op_adm_2020,ca_services_2014,ca_services_2017,ca_services_2020
Afghanistan,38 041 757,low,0.3 usd,emro,-,6.17,6.01,5.96,16,13.13,15.52,9.64,2.70%,yes,2019,5,no,no,yes,2019,5,exists but not fully functioning,yes,2018,yes,2018,-,-,4.2,4.2,"nothing, fully insured","nothing, fully insured",NULL,129,26,-,-,-,1086,0.17,0.63,2.85,2,21,3,125,2622,1,11,1064.34,2990.36,9.98,20.31,1,4,5,1,0.26,5.38,0.21,15.44,2.16,0.14,0.02,0.01,2045,1772,51-75,2045,0,0,25-less,2628,6.91,215658,0,0,30,27.12,20.96,0,123.87,4064.67,0,0,6.19
Albania,"2,880,913",Upper-middle,-,EURO,"1,365.40",4.84,4.17,3.72,1,8.57,7.32,2.5,0,yes,2013,4,No,No,yes,2013,3,"A dedicated authority undertakes 
regular inspections, responds to 
complaints, and reports its findings 
at least once a year",no,-,No,-,-,-,-,-,"Persons pay nothing at the point of 
service use (fully insured)","Persons pay nothing at the point of 
service use (fully insured)",yes,46,250,43,34,20,393,10.2,-,13.64,8,60,3,4,10,-,6,107.81,1694.78,-,751.8,2,2,14,2,16.31,44.92,4.34,59.18,5.1,0.52,5.36,89.39,1294,17,26-50,241,47,262,more-75,24,0.83,21746,12414,9332,91.89,91.74,104.62,1432.53,1992.82,1802.59,0.31,0.75,0.83
Algeria,43 053 054,Lower-middle,-,AFRO,1 861.0,2.85,2.61,2.6,2,0.79,2.67,1.07,0.3,yes,2017,5,No,No,yes,1992,5,"A dedicated authority body exists 
but it is not functioning well",no,-,no,-,-,-,-,-,"Persons pay nothing at the point of 
service use (fully insured)","Persons pay nothing at the point of 
service use (fully insured)",Yes,976,-,-,-,-,-,6.03,-,2.27,67,67,2,19,-,-,1819,-,-,-,-,24,24,-,19,13.07,34.49,1.16,2.66,-,-,2.56,59.35,14213,1045,26-50,13385,7116,3839,25-less,-,-,-,-,-,41.89,30,37.15,-,-,-,-,-,-
Andorra,77 146,High,-,EURO,1956.5,-,-,-,1,0,0,25,0,No,-,-,-,No,No,-,-,"A dedicated authority undertakes 
regular inspections, responds to 
complaints, and reports its findings 
at least once a year",no,-,no,-,-,-,-,-,"Persons pay at least 20% towards 
the cost of services","Persons pay at least 20% towards 
the cost of medicines",Yes,8,18,9,2,2,39,-,-,-,2,13,2,3,-,-,32,27103.16,-,27.22,35.57,-,2,2,1,-,-,15.55,348.69,10.37,10.37,0.02,0.36,-,-,-,-,-,-,more-75,-,-,-,-,-,-,-,-,-,-,-,-,-,-
Antigua and Barbuda,97 115,High,80.3 XCD,AMRO,1663,-,0.49,0.32,0,-,-,-,0,yes,2013,-,no,no,yes,1957,-,"A dedicated authority body does 
not exist",yes,2013,yes,2013,-,-,7,100,"Persons pay nothing at the point of 
service use (fully insured)","Persons pay nothing at the point of 
service use (fully insured)",yes,1,8,42,11,2,64,-,12.01,65.9,2,52,2,1,-,-,-,-,-,-,-,1,-,-,-,135.92,81.35,-,-,-,-,-,-,79,75,more-75,1,10,86,more-75,-,-,48,-,-,-,-,-,-,92.07,81.35,-,-,-
Argentina,44 780 675,Upper-middle,-,AMRO,1706.4,8.45,8.06,8.14,43,3.55,3.57,4.48,0.6,no,-,-,no,no,yes,2010,5,"A dedicated authority undertakes 
regular inspections, responds to 
complaints, and reports its findings 
at least once a year",yes,-,yes,-,yes,-,-,-,"Persons pay nothing at the point of 
service use (fully insured)","Persons pay nothing at the point of 
service use (fully insured)",Yes,6500,-,128221,2217,7461,144399,-,239.57,322.46,-,-,2,-,-,-,-,-,-,-,-,162,-,-,-,26.88,-,-,-,-,-,-,-,-,-,-,4697,3062,4276,-,-,-,-,-,-,-,-,-,-,-,-,-,-,-
Armenia,2 957 728,Upper-middle,1 048.1 AMD,EURO,1404.7,5.31,4.43,2.66,5,3.23,3.03,7.35,0.1,yes,2014,4,no,no,yes,2004,5,"A dedicated authority undertakes 
irregular inspections of mental 
health services and irregularly 
responds to complaints of human 
rights violations",no,-,no,-,no,-,2.3,86.6,"Persons pay nothing at the point of 
service use (fully insured)","Persons pay at least 20% towards 
the cost of medicines",yes,50,278,50,-,-,378,5.9,15.36,12.78,14,96,2,-,-,-,1,2730.24,-,-,2522.02,9,-,-,1,41.25,229.2,-,-,-,-,1.02,0.64,-,-,51-75,433,464,-,more-75,-,-,2604,-,-,373.83,20.91,229.2,-,-,-,-,-,-
Australia,25 203 200,High,373 aud,wpro,2399.5,10.24,10.92,11.25,1074,11.8,12.57,12.03,30.4,yes,2017,5,no,no,yes,2015,5,"A dedicated authority undertakes 
irregular inspections of mental 
health services and irregularly 
responds to complaints of human 
rights violations",no,-,no,-,yes,2017,7.6,6,"Persons pay at least 20% towards 
the cost of services","Persons pay at least 20% towards 
the cost of medicines",yes,3369,22159,26311,-,-,51839,110.33,214.79,205.68,-,-,-,1250,-,-,288,37730.83,-,-,-,17,144,178,-,6.4,-,21.06,-,10.12,30.6,4.64,-,-,-,more-75,-,-,-,-,178,0.71,-,-,-,624.73,509.82,30.6,23445.06,-,37730.83,0.7,0.75,0.71
Azerbaijan,10 047 719,Upper-middle,2 AZN,EURO,1286.8,4.19,3.92,3.97,3,8.33,15,9.09,0.1,yes,2012,5,yes,yes,yes,2012,5,"A dedicated authority undertakes 
regular inspections, responds to 
complaints, and reports its findings 
at least once a year",yes,2012,yes,2012,no,-,3.5,91.5,"Persons pay at least 20% towards 
the cost of services","Persons pay at least 20% towards 
the cost of medicines",no,336,720,138,50,186,1430,10.75,12.09,14.23,41,375,5,11,4,7,-,1353.54,-,-,-,11,1,-,-,38.08,152.17,0.4,1.36,-,-,-,-,15783,730,51-75,15493,344,83,more-75,11,0.11,5960,3748,2212,172.69,120.99,153.54,-,1388.1,1353.54,0.07,0.07,0.11
Bahamas,389 486,High,-,AMRO,1661.3,3.17,3.49,3.37,0,6.67,0,0,0,yes,2012,5,no,no,yes,2010,-,"A dedicated authority body exists 
but it is not functioning well",no,-,no,-,no,-,-,-,"Persons pay nothing at the point of 
service use (fully insured)","Persons pay nothing at the point of 
service use (fully insured)",yes,7,64,13,1,0,85,-,-,-,-,-,3,2,2,-,-,-,-,-,-,1,1,1,-,-,-,-,-,-,-,-,-,-,-,-,-,-,-,-,3,0.77,-,-,-,-,-,-,-,-,-,-,0.52,0.77
Bahrain,1 641 164,High,6.3 BD,EMRO,1980.8,-,-,-,6,14.29,2.63,21.43,1,yes,2020,5,yes,yes,yes,2020,5,"A dedicated authority undertakes 
regular inspections, responds to 
complaints, and reports its findings 
at least once a year",yes,2017,yes,2017,no,-,4.5,100,"Persons pay nothing at the point of 
service use (fully insured)","Persons pay nothing at the point of 
service use (fully insured)",no,70,346,19,7,19,461,29.69,36.88,28.09,7,25,4,11,4,4,3,3285.47,569.53,400.08,1619.91,1,-,-,1,14.68,73.61,-,-,-,-,3.06,52.72,1277,-,more-75,97,60,28,51-75,8,0.49,652,403,249,73.58,145.28,73.61,3500.01,426.28,4255.09,0,0.15,0.49
Bangladesh,163 046 173,Lower-middle,0.1 USD,SEARO,1650.8,3.8,3.6,3.85,35,3.19,2.12,3.68,17.9,yes,2020,5,yes,yes,yes,2018,5,"A dedicated authority undertakes 
irregular inspections of mental 
health services and irregularly 
responds to complaints of human 
rights violations",yes,2019,yes,2016,yes,2020,0.5,-,"Persons pay nothing at the point of 
service use (fully insured)","Persons pay at least 20% towards 
the cost of medicines",-,270,700,565,3,252,1790,0.43,1.13,1.1,6,384,3,72,13421,2,13512,60.05,-,-,1243.21,2,60,-,2,0.43,3.73,0.1,-,-,-,-0.11,0.97,6076,-,51-75,5856,146,74,51-75,13423,8.23,19588,-,-,4.93,4.83,3.73,231.65,436.6,1243.21,0.14,0.04,8.23
Barbados,287 021,High,118 bbd,amro,1868,0.1,0.33,0.31,1,1,1,1,0,yes,2004,5,no,no,yes,1991,4,"A dedicated authority body does 
not exist",no,-,no,-,no,-,10,100,"Persons pay nothing at the point of 
service use (fully insured)","Persons pay nothing at the point of 
service use (fully insured)",yes,20,266,4,5,3,298,134.94,-,103.83,2,6,0,1,9,-,1,3000.13,3233.91,-,1614.99,1,1,-,-,186.3,436.55,4.18,40.76,-,-,-,-,1253,482,more-75,-,-,-,-,9,3.14,732,533,199,505.83,-,477.32,-,-,-,0.35,3.87,3.14
Belarus,9 452 409,Upper-middle,10.7 byn,euro,1601.8,22.82,19.4,16.49,1,5.45,2.38,2.86,0,yes,2016,4,no,no,yes,2019,4,"A dedicated authority body does 
not exist",yes,2015,yes,2015,yes,2015,1.9,81.8,"Persons pay nothing at the point of 
service use (fully insured)","Persons pay nothing at the point of 
service use (fully insured)",-,1065,-,506,34,294,1899,35.73,19.02,20.09,103,103,4,41,-,-,66,6827.91,-,-,5012.85,20,9,-,8,60.55,993.99,3.37,-,-,-,16.87,287.77,93956,990,more-75,4895,494,0,more-75,-,-,46624,14980,17576,-,541.53,993.99,-,17219.42,6827.91,-,-,-
Belgium,11 539 326,High,-,euro,1875.1,15.38,15.02,13.93,80,8.18,9.06,9.29,1.4,yes,2010,4,no,no,yes,2014,4,"A dedicated authority undertakes 
irregular inspections of mental 
health services and irregularly 
responds to complaints of human 
rights violations",yes,2015,yes,2015,no,-,-,-,"Persons pay at least 20% towards 
the cost of services","Persons pay at least 20% towards 
the cost of services",yes,-,-,-,-,-,-,20.32,173.65,-,-,-,3,60,-,-,20,148.17,-,-,-,51,67,-,51,118.68,566.21,36.48,476.47,-,-,49.5,328.66,134628,7018,more-75,84914,1991,0,more-75,-,-,10364,-,-,862.46,738.32,1042.69,-,-,-,-,-,-
Belize,390 351,Upper-middle,1.3 bzd,amro,1681.2,6.83,6.67,7.65,0,3.33,0,0,0,yes,2008,5,yes,yes,no,-,-,"A dedicated authority body does 
not exist",yes,2008,yes,2008,no,-,4,-,"Persons pay nothing at the point of 
service use (fully insured)","Persons pay nothing at the point of 
service use (fully insured)",yes,6,12,1,1,1,21,7.06,6.12,5.38,5,25,5,8,8,1,-,6070.18,3572.68,132.7,-,-,7,1,-,-,-,3.33,31.25,10.25,2.82,-,-,-,-,more-75,-,-,-,51-75,10,2.56,4331,2789,1542,3337.3,42.31,34.07,3524.57,2478.83,9775.56,1.77,2.78,2.56
Benin,11 801 151,Lower-middle,-,AFRO,1629.6,13.84,13.27,12.71,0,0.95,0,0,0,-,-,-,-,-,no,-,-,"A dedicated authority body does 
not exist",no,-,no,-,no,-,-,-,"Persons pay mostly or entirely out 
of pocket for services","Persons pay mostly or entirely out 
of pocket for services",no,16,23,9,3,0,51,0.47,-,0.43,3,5,3,19,-,-,-,-,246.15,-,-,1,2,23,-,4.24,27.84,0.42,8.05,6.78,848.01,-,-,-,-,51-75,-,-,-,more-75,42,0.36,30250,15222,15028,77.36,-,883.9,-,-,-,0.08,-,0.36
Bhutan,763 094,Lower-middle,6.9 btn,searo,1579.4,5.2,5.05,5.07,4,3.85,10,7.02,2.1,yes,2015,3,no,no,no,-,-,"A dedicated authority body does 
not exist",yes,2015,yes,2019,yes,2018,0.2,-,"Persons pay nothing at the point of 
service use (fully insured)","Persons pay nothing at the point of 
service use (fully insured)",-,3,9,0,0,7,19,-,0.64,2.49,3,91,5,-,189,53,363,403.75,-,-,-,-,1,-,3,-,-,2.62,76.27,-,-,-,-,0,0,25-less,713,0,-,more-75,242,31.71,119,58,61,87.52,27.18,76.27,320.29,-,403.75,-,-,-
Bolivia,11 513 102,Lower-middle,-,AMRO,1 842.1,6.87,7.43,6.82,4,0.68,3.73,2.96,0.1,yes,2009,4,no,no,yes,2009,-,"A dedicated authority body does 
not exist",yes,2009,yes,2009,no,-,--,-,"Persons pay nothing at the point of 
service use (fully insured)","Persons pay nothing at the point of 
service use (fully insured)",yes,45,-,35,-,-,80,1.26,1.13,0.69,2,19,2,3,-,-,-,-,-,-,-,5,3,-,-,0.83,-,0.83,-,-,-,-,-,-,-,26-50,-,-,-,25-less,-,-,-,-,-,-,-,-,-,-,-,-,-,-
Bosnia and Herzegovina,3 300 998,Upper-middle,-,euro,1391.4,8.23,8.13,8.25,10,10.71,12.24,10.99,0.2,yes,2012,5,yes,no,yes,2013,5,"A dedicated authority undertakes 
irregular inspections of mental 
health services and irregularly 
responds to complaints of human 
rights violations",yes,2012,no,-,no,-,--,-,"Persons pay at least 20% towards 
the cost of services","Persons pay at least 20% towards 
the cost of services",yes,313,872,122,61,110,1478,21.81,32.81,44.77,1,180,3,12,780,-,-,117.21,-,-,-,4,23,17,-,14.72,70.04,17.09,394.21,-,-,-,-,1806,-,51-75,9071,43,215,26-50,797,24.14,31469,246,186,-,330.83,464.25,-,3608.27,117.21,0.08,1.13,24.14
Botswana,2 303 703,Upper-middle,1138.6 bwp,afro,1604.6,27.75,22.9,20.22,3,2.04,1.46,1.94,0.5,yes,2003,5,yes,yes,yes,1971,5,"A dedicated authority undertakes 
regular inspections, responds to 
complaints, and reports its findings 
at least once a year",no,-,no,-,no,-,--,100,"Persons pay nothing at the point of 
service use (fully insured)","Persons pay nothing at the point of 
service use (fully insured)",yes,7,211,28,242,-,488,13.88,-,21.18,7,483,3,-,-,-,-,-,-,-,-,2,5,-,-,13.02,71.67,3.34,-,-,-,-,-,1651,-,25-less,1625,18,30,more-75,-,-,1060,570,490,136.52,735.61,71.67,-,-,-,33.16,0.05,-
Brazil,211 049 519,Upper-middle,8.4 brl,amro,2118.4,5.41,5.67,6.41,419,5.75,5.1,5.37,6.3,yes,2017,5,no,no,yes,2001,2,"A dedicated authority undertakes 
regular inspections, responds to 
complaints, and reports its findings 
at least once a year",yes,2002,yes,2002,no,-,1.6,14.5,"Persons pay nothing at the point of 
service use (fully insured)","Persons pay nothing at the point of 
service use (fully insured)",yes,7778,265,28870,15972,293847,346732,12.64,59.95,164.29,-,-,-,29,1948,28,256,1.38,4975.65,752.17,2398.28,114,-,691,279,6.78,123.25,-,-,2.43,2.43,-,15.61,345174,-,-,349174,-,4006,-,2667,1.26,230481,113818,116663,278.04,1529.34,125.68,10516.5,15059.4,5729.19,1.26,1.35,1.26
Brunei Darussalam,433 296,High,-,wpro,1248.8,1.82,2.38,2.54,1,0,5.88,4.17,0,no,-,-,no,no,yes,2014,4,"A dedicated authority undertakes 
regular inspections, responds to 
complaints, and reports its findings 
at least once a year",no,-,no,-,no,-,-,-,-,-,-,16,62,55,1,1,138,20.08,22.03,31.85,2,6,-,-,-,-,3,-,-,-,-,-,2,1,-,-,-,6,-,-,-,-,-,-,-,more-75,-,-,-,more-75,1,0.23,-,-,-,79.63,1.68,-,-,-,-,0.47,1.92,0.23
Bulgaria,7 000 117,Upper-middle,14.3 bgn,euro,1 348.6,7.35,6.57,6.5,7,4.51,2.96,6.25,0.1,no,-,-,no,no,no,-,-,"A dedicated authority undertakes 
irregular inspections of mental 
health services and irregularly 
responds to complaints of human 
rights violations",no,-,no,-,no,-,2.6,34,"Persons pay at least 20% towards 
the cost of services","Persons pay at least 20% towards 
the cost of services",yes,695,978,89,50,30,1842,27.12,27.59,26.31,46,46,2,5,12,52,-,97.63,1702.57,200.61,-,12,22,215,46,30.81,125.24,13.29,212.4,81.01,-,46.39,24.95,8767,189,25-less,-,-,-,25-less,279,3.99,44885,-,-,-,420.49,337.64,-,6959.08,2000.81,3.59,7.89,3.99
Burkina Faso,20 321 383,low ,-,afro,1601.1,16.09,15.16,14.38,4,2.23,1.03,2.03,0.7,yes,2020,2,no,no,no,-,-,"A dedicated authority body does 
not exist",yes,2020,yes,2020,no,-,-,-,"Persons pay mostly or entirely out 
of pocket for services","Persons pay mostly or entirely out 
of pocket for services",-,11,86,5,-,1,103,0.65,0.71,0.51,-,-,2,34,683,-,-,78.45,30.12,-,-,-,10,-,-,-,-,0.65,12.56,-,-,-,-,-,-,26-50,-,-,-,26-50,683,3.36,8350,5794,5556,65.29,-,12.56,-,-,-,0.03,-,3.36
Burundi,11 530 577,low,-,afro,1721,13.75,12.61,12.12,1,18.75,5.26,7.14,0.2,yes,2015,2,no,no,no,-,-,"A dedicated authority body does 
not exist",-,-,-,-,-,-,-,-,"Persons pay mostly or entirely out 
of pocket for services","Persons pay mostly or entirely out 
of pocket for services",no,-,-,-,-,-,-,0.49,0.64,-,-,-,-,-,-,-,-,-,-,-,-,-,-,-,-,-,-,-,-,-,-,-,-,-,-,-,-,-,-,-,-,-,-,-,-,1.13,3.49,-,0.34,32.02,-,-,-,-
Cabo Verde,549 936,lower-middle,-,afro,1722.7,17.46,16.53,15.23,1,0,6.25,5,0.2,yes,2017,5,no,no,yes,2013,3,"A dedicated authority body does 
not exist",no,-,no,-,no,-,-,-,"Persons pay nothing at the point of 
service use (fully insured)","Persons pay nothing at the point of 
service use (fully insured)",-,11,1,40,23,1,76,-,-,-,-,-,3,3,1,-,-,-,2.55,-,-,-,3,-,-,-,-,9.82,90.92,-,-,-,-,-,-,26-50,-,-,-,51-75,1,0.18,-,-,-,-,-,-,-,-,-,-,-,-
Cambodia,16 486 542,lower-middle,-,wpro,1439.5,5.96,5.75,5.39,23,5.75,6.75,9.62,0.7,yes,2011,5,no,no,no,-,-,"A dedicated authority body does 
not exist",yes,-,no,-,no,-,-,-,"Persons pay mostly or entirely out 
of pocket for services","Persons pay mostly or entirely out 
of pocket for services",-,44,33,120,-,24,221,0.92,7.75,1.34,3,32,3,-,-,-,-,-,-,-,-,-,1,-,-,-,-,0.06,-,-,-,-,-,-,-,-,-,-,-,-,-,-,-,-,-,1.64,1.51,-,326.46,692.74,-,-,-,-
Cameroon,25 876 387,lower-middle,-,afro,1649.4,18.71,16.62,15.92,5,2.76,1.62,1.37,0.8,yes,2016,-,no,no,no,-,-,-,no,-,no,-,no,-,1,-,"Persons pay mostly or entirely out 
of pocket for services","Persons pay mostly or entirely out 
of pocket for services",no,12,150,300,-,30,492,-,-,-,0,0,3,3,2,3,-,64.92,482.29,-,-,-,3,-,-,-,-,0.39,5.1,-,-,-,-,-,-,51-75,-,-,-,more-75,5,0.02,47520,-,-,-,-,-,-,-,-,-,-,-
Canada,37 411 038,high,84.9 cad,amro,1756.8,10.19,10.37,10.34,946,10.02,11.65,12.51,14.2,yes,2012,5,-,-,yes,2015,5,"A dedicated authority undertakes 
regular inspections, responds to 
complaints, and reports its findings 
at least once a year",yes,2015,yes,2015,no,-,-,61.8,"Persons pay at least 20% towards 
the cost of services","Persons pay at least 20% towards 
the cost of services",-,5382,26294,18794,53911,1640,105921,235.22,260.37,283.13,-,-,3,98,-,-,15,4368.34,-,-,690.7,19,140,-,5,10.98,55.26,14.85,134.59,-,-,0.86,7.92,20672,-,-,1264,99,15,-,-,-,-,-,-,-,198.75,189.85,-,6228.41,4368.34,-,-,-
Chad,15 946 882,Low,0.1 xof,afro,1782.4,15.13,13.68,13.22,0,-,-,-,0,yes,2016,5,no,no,no,-,-,-,-,-,no,-,no,-,-,-,"Persons pay mostly or entirely out 
of pocket for services","Persons pay mostly or entirely out 
of pocket for services",no,2,6,6,9,1,24,-,0.04,0.15,0,0,1,-,-,-,-,-,-,-,-,-,1,-,1,-,-,0.03,0.06,-,-,-,-,-,-,more-75,10,-,-,more-75,-,-,793,470,323,-,0.057,0.063,-,-,-,-,-,-
Chile,18 952 035,high,8588.6 clp,amro,1994.2,9.15,9.18,8.04,66,4.94,6.46,7.83,1,yes,2017,4,no,yes,no,-,-,"A dedicated authority undertakes 
irregular inspections of mental 
health services and irregularly 
responds to complaints of human 
rights violations",yes,2017,yes,2017,yes,2013,2,11.2,"Persons pay nothing at the point of 
service use (fully insured)","Persons pay nothing at the point of 
service use (fully insured)",yes,1615,220,1022,480,465,3802,15.1,6.97,20.06,434,1040,5,59,102,60,117,3345.01,2411.41,-,4905.95,4,49,223,20,5.5,21.75,3.02,34.95,9.89,0.03,3.91,24.29,4123,339,more-75,3046,163,35,51-75,385,2.03,6431,3535,2896,95.85,101.16,56.73,8871.42,7860.21,5756.42,1.41,1.95,2.03
China,1 433 783 692,Upper-middle,-,wpro,1248.2,7.65,6.99,6.67,1150,4.91,5.44,5.26,32.6,yes,2015,5,yes,yes,yes,2013,5,"A dedicated authority undertakes 
regular inspections, responds to 
complaints, and reports its findings 
at least once a year",yes,2019,yes,2019,no,-,-,-,"Persons pay at least 20% towards 
the cost of services","Persons pay at least 20% towards 
the cost of services",yes,36610,81416,5278,-,-,123304,4.76,7.62,8.6,-,-,3,1358,-,-,-,3636.48,95.96,-,-,1358,-,-,-,35.34,141.44,-,-,-,-,-,-,2028011,-,51-75,-,-,-,more-75,-,-,89281,-,-,85.95,114.32,141.44,1814.43,2951.7,3732.44,-,-,-
Colombia,50 339 443,Upper-middle,19 074.4 cop,amro,1461.2,3.62,4.11,3.74,45,5.85,8.82,5.19,0.7,yes,2018,5,yes,yes,yes,2013,5,"A dedicated authority undertakes 
regular inspections, responds to 
complaints, and reports its findings 
at least once a year",yes,2018,yes,2018,yes,2018,1.8,100,"Persons pay at least 20% towards 
the cost of services","Persons pay at least 20% towards 
the cost of services",yes,1260,74084,64594,-,7491,147429,13.27,1.84,292.87,-,-,4,7882,-,158,-,1700.23,-,-,1886.18,27,253,-,-,4.17,92.36,24.8,-,-,-,-,79.58,-,-,51-75,1327,350,339841,more-75,158,0.31,3114,1818,1296,55.61,-,92.36,-,-,-,-,-,-
Cook Islands,17 547,upper-middle,11.4 nzd,wpro,1429.6,-,-,-,14,7.65,4.86,3.64,0.4,yes,2020,2,yes,yes,yes,2013,5,"A dedicated authority body does 
not exist",no,-,no,-,yes,-,1,-,"Persons pay nothing at the point of 
service use (fully insured)","Persons pay nothing at the point of 
service use (fully insured)",-,0,4,1,1,4,10,-,51.58,56.99,0,0,4,-,1,1,2,-,24004.1,-,9878.42,-,-,-,-,-,-,-,-,-,-,-,-,-,-,-,8,-,-,51-75,2,11.4,60,52,9,-,-,-,-,681.99,24004.1,4.82,11.46,11.4
Costa Rica,5 047 561,Upper-middle,23 993.6 crc,amro,1656.4,6.42,7.29,7.62,2,4.24,2.48,1.19,0,yes,2012,5,no,no,no,-,-,"A dedicated authority undertakes 
regular inspections, responds to 
complaints, and reports its findings 
at least once a year",yes,2012,yes,2019,YES,2018,4.6,29.4,"Persons pay mostly or entirely out 
of pocket for services","Persons pay mostly or entirely out 
of pocket for services",Yes,140,-,6828,419,23,7410,1.05,228.61,146.8,3,256,5,13,28,-,4,614.85,437.87,-,256.48,2,1,74,1,10.94,91.21,0.52,11.07,-,14.64,2.93,29.03,4604,1481,more-75,4601,48,0,more-75,102,2.02,5099,2748,2351,-,89.44,116.93,-,,,-,1.62,2.02
CÃ´te d'Ivoire,25 716 554,lower-middle,2.3 usd,afro,1625.2,19.45,17,15.66,1,2.06,1.94,0.74,0.2,yes,2008,1,no,no,no,-,-,"A dedicated authority body does 
not exist",no,-,no,-,no,-,-,-,"Persons pay mostly or entirely out 
of pocket for services","Persons pay mostly or entirely out 
of pocket for services",no,3,-,10,-,10,23,0.17,0.51,0.09,4,38,1,3,-,0,12,-,-,-,17.39,4,2,-,-,0.51,-,-,-,-,-,-,-,-,-,-,-,-,-,-,0,0,-,-,-,-,-,-,-,-,-,-,-,-
Croatia,4 130 299,high,-,euro,1451.3,12.31,11.48,11.01,26,4.28,9.41,8.5,0.5,yes,2010,5,-,-,yes,2014,5,"A dedicated authority undertakes 
regular inspections, responds to 
complaints, and reports its findings 
at least once a year",no,-,no,-,yes,2011,-,-,"Persons pay nothing at the point of 
service use (fully insured)","Persons pay nothing at the point of 
service use (fully insured)",yes,529,1831,234,55,153,2802,-,59.87,67.84,53,289,4,1333,21,-,24,746.21,-,-,73.92,8,22,-,4,75.73,678.04,17.48,453.82,-,-,8.21,141.49,-,-,-,7246,141,125,-,21,0.51,7512,4168,3344,1271.31,1105.22,1131.86,133165.29,842.97,764.21,-,3.14,0.51
Cuba,11333484,Upper-middle,-,amro,1806.4,10.64,9.73,10.19,7,5.13,6.06,5.51,0.1,no,-,-,yes,yes,no,-,-,"A dedicated authority undertakes 
regular inspections, responds to 
complaints, and reports its findings 
at least once a year",yes,2016,yes,2016,yes,2016,-,-,"Persons pay nothing at the point of 
service use (fully insured)","Persons pay nothing at the point of 
service use (fully insured)",yes,992,4112,3500,1041,103,9748,48.35,51.99,86.01,416,1523,5,-,178,-,550,-,-,-,-,19,22,-,16,24.18,-,-,,1.06,-,3.19,-,13457,256,more-75,1717,344,639,more-75,178,1.57,-,-,-,310.47,8185.94,-,2202.54,1921.38,-,-,2.85,1.57
Democratic Republic of the Congo,86 790 568,low,-,afro,12.41,12.77,12.09,12.41,6,5.04,4.89,2.14,1,yes,2019,5,yes,no,no,-,-,-,no,-,no,-,no,-,0,-,"Persons pay mostly or entirely out 
of pocket for services","Persons pay mostly or entirely out 
of pocket for services",-,-,-,-,-,-,-,-,-,-,-,-,3,1,6,27,-,2.25,1.53,5.13,-,1,-,0,-,0.52,2.25,-,-,0.25,-,-,-,-,-,25-less,1954,-,-,26-50,33,0.04,-,-,-,-,-,-,-,-,-,-,-,-
Denmark,5771877,high,-,euro,1794.5,8.98,8.24,7.63,302,10.38,11.53,12.22,5.3,YES,2018,5,yes,yes,yes,2019,5,"A dedicated authority undertakes 
irregular inspections of mental 
health services and irregularly 
responds to complaints of human 
rights violations",yes,2018,yes,2018,yes,2018,-,-,"Persons pay nothing at the point of 
service use (fully insured)",-,yes,-,-,-,-,-,-,-,-,-,-,-,5,-,-,-,-,23585.6,-,-,-,-,-,1391,192,-,-,-,737.18,467.51,-,199.63,159.64,-,-,-,-,-,-,-,1391,24.1,-,-,-,866.09,759.52,737.18,15743.58,19702.53,23585.6,-,-,-
Djibouti,973 557,lower-middle,41.1 djf,emro,1649.6,12.13,12.08,11.95,1,0,0,8.33,0.2,yes,2016,1,yes,no,no,-,-,"A dedicated authority body does 
not exist",no,-,no,-,no,-,0.003,-,"Persons pay nothing at the point of 
service use (fully insured)","Persons pay nothing at the point of 
service use (fully insured)",yes,1,20,1,1,0,23,-,-,-,-,-,0,1,-,5,-,891.58,-,234.19,-,-,1,-,-,-,-,4.11,34.1,-,-,-,-,-,-,26-50,-,-,-,25-less,5,0.51,298,-,-,-,-,-,-,-,-,-,-,-
Dominican Republic,10 738 957,Upper-middle,-,amro,1894.1,6.06,6.77,5.11,6,2.94,9.52,6.74,0.1,yes,2019,5,no,no,yes,2006,5,"A dedicated authority undertakes 
regular inspections, responds to 
complaints, and reports its findings 
at least once a year",no,-,no,-,yes,2019,0.7,-,-,-,yes,354,124,621,8,32,1139,6.43,10.71,10.61,33,9009,3,2,10,6,11149,-,128.48,47.04,2710.26,-,15,1,1,-,-,1.05,12.51,0.74,0.31,0.2,2.87,-,-,more-75,-,-,-,-,18,0.17,258,119,139,13.13,10.53,12.81,1520.26,1527.82,175.52,-,0.06,0.17
Ecuador,17373657,Upper-middle,0.1 usd,amro,1799.3,9.68,9.06,7.68,13,3.11,4.82,4.01,0.2,yes,2014,5,yes,yes,no,-,-,"A dedicated authority body exists 
but it is not functioning well",yes ,2015,yes,2015,no,-,1.2,10,"Persons pay nothing at the point of 
service use (fully insured)","Persons pay nothing at the point of 
service use (fully insured)",yes,73,107,861,176,36,1253,5.27,8.32,7.21,-,-,3,813,-,-,-,6758.82,-,-,-,1,128,-,-,0.84,3.02,3.99,0.06,-,-,-,-,-,-,25-less,525,24,47,51-75,-,-,5199,2876,2323,2.21,-,3.08,-,5633.85,6758.82,0.01,3.25,-
Egypt,100388076,lower-middle,7 egp,emro,1814.9,3.77,3.63,3.41,29,5.67,3.78,3.27,4.8,yes,2015,4,yes,yes,yes,2009,4,"A dedicated authority undertakes 
regular inspections, responds to 
complaints, and reports its findings 
at least once a year",yes,2015,yes,2015,yes,2020,-,-,"Persons pay nothing at the point of 
service use (fully insured)","Persons pay nothing at the point of 
service use (fully insured)",no,847,3914,861,232,-,5854,4.19,7.1,5.83,40,167,3,19,1,-,20,573.73,10.78,-,208.79,19,2,-,3,5.15,11.15,-,-,-,-,0.14,0.26,11198,6615,51-75,4410,337,174,25-less,1,0.001,211139,-,-,1.74,14.76,11.15,484.83,570.99,584.52,-,-,-
El Salvador,6453550,lower-middle,-,amro,1680.6,6.72,5.77,6.11,2,15.91,8.33,6.45,0,yes,2018,4,no,no,yes,2017,4,"A dedicated authority body exists 
but it is not functioning well",yes,2018,no,-,yes,2018,-,-,"Persons pay mostly or entirely out 
of pocket for services","Persons pay mostly or entirely out 
of pocket for services",yes,87,13,234,18,17,369,7.14,3.53,5.72,3,157,4,14,-,-,75,-,-,-,179.84,2,12,-,1,3.78,23.21,0.19,32.11,-,-,-,0.94,-,-,26-50,1498,0,73,more-75,-,-,15235,7668,7567,44.91,77.91,55.32,203.92,1493.77,-,0.11,0.46,-
Equatorial Guinea,1355982,Upper-middle,-,afro,1968.4,13.76,14.97,13.51,0,0,5.56,0,0,yes,2018,-,no,no,no,-,-,-,no,-,no,-,no,-,-,-,"Persons pay nothing at the point of 
service use (fully insured)",-,yes,8,70,4,0,2,84,-,6.47,6.19,0,0,3,-,-,-,-,-,-,-,-,-,-,-,-,-,-,-,-,-,-,-,-,370,40,51-75,-,-,-,26-50,-,-,787,225,145,-,-,-,-,-,-,-,-,-
Eritrea,3497117,low,-,afro,1750,19.24,18.3,17.26,4,0,10.53,12.9,0.7,yes,2019,5,no,no,no,--,-,"A dedicated authority undertakes 
irregular inspections of mental 
health services and irregularly 
responds to complaints of human 
rights violations",Yes,2019,yes,2019,no,-,-,-,"Persons pay nothing at the point of 
service use (fully insured)","Persons pay nothing at the point of 
service use (fully insured)",-,2,50,3,2,0,57,1.06,2.29,1.63,0,0,3,12,-,-,-,-,-,-,-,1,-,1,-,5.72,25.16,0.17,5.12,3.43,4,-,-,880,-,more-75,177,0,0,more-75,1,0.03,1014,-,-,536.45,21.27,34.29,-,-,-,0.02,-,0.03
Estonia,1325649,high,35.8 eur,euro,1572.8,14.9,12.49,11.96,11,15.31,7.63,9.65,0.2,no,-,-,no,no,yes,2018,2,"A dedicated authority undertakes 
regular inspections, responds to 
complaints, and reports its findings 
at least once a year",no,-,no,-,no,-,3.7,-,"Persons pay nothing at the point of 
service use (fully insured)","Persons pay nothing at the point of 
service use (fully insured)",yes,208,289,275,81,76,929,44.79,47.12,70.08,24,24,5,-,-,-,12,-,-,-,-,2,4,54,1,8.67,-,5.96,-,49.18,-,2.15,-,-,-,26-50,10896,0,0,51-75,54,4.07,-,-,-,987.09,459.72,-,19966.52,1428.8,-,-,33.44,4.07
Eswatini,1148133,lower-middle,-,afro,1618.7,62.02,46.24,40.46,1,0,2.13,2.13,0.2,no,-,-,no,no,yes,1978,-,"A dedicated authority body does 
not exist",no,-,no,-,no,-,-,-,"Persons pay nothing at the point of 
service use (fully insured)","Persons pay nothing at the point of 
service use (fully insured)",yes,1,56,2,1,-,60,13.57,10.01,5.23,-,-,3,-,-,-,-,-,-,-,-,1,-,-,-,22.21,125,-,-,-,-,-,-,1442,1436,26-50,438,2,26,25-less,-,-,450,-,-,110.67,84,125,-,,-,-,-,-
Ethiopia,112078727,low,-,afro,2048.4,10.43,9.78,9.45,83,3.24,6.02,5.31,13.9,yes,2012,4,no,no,no,-,-,-,yes,-,yes,-,no,-,-,-,"Persons pay nothing at the point of 
service use (fully insured)","Persons pay nothing at the point of 
service use (fully insured)",yes,111,596,46,10,-,763,-,1.2,0.68,4,9,-,-,-,-,-,-,-,-,-,1,-,1,-,-,-,0.4,-,0.18,-,-,-,-,-,-,-,-,-,-,1,-,31409,-,-,-,-,-,-,-,-,-,-,-
Fiji,889955,Upper-middle,5.1 fjd,wpro,11359,10.51,10.03,9.51,1,6.98,0,1.92,0,yes,2015,4,yes,yes,yes,2010,5,"A dedicated authority undertakes 
irregular inspections of mental 
health services and irregularly 
responds to complaints of human 
rights violations",no,-,no,-,yes,2015,1,96.8,"Persons pay nothing at the point of 
service use (fully insured)","Persons pay nothing at the point of 
service use (fully insured)",-,5,46,0,-,3,54,17.59,1.35,6.07,1,1,2,4,-,1,1,-,-,-,-,1,3,-,-,10.79,62.03,2.36,43.04,-,-,-,-,552,-,more-75,529,7,16,more-75,1,0.11,-,-,-,-,87.54,105.06,-,,,-,3.03,0.11
Finland,5532159,high,183.4 eur,euro,1887.4,15.04,13.26,13.43,201,15.57,15.04,13.22,3.6,yes,2020,5,no ,yes,yes,2016,5,"A dedicated authority undertakes 
regular inspections, responds to 
complaints, and reports its findings 
at least once a year",yes,2020,yes,2020,yes,2020,6.3,84.9,"Persons pay at least 20% towards 
the cost of services","Persons pay at least 20% towards 
the cost of services",yes,1117,2637,6839,-,1698,12291,99.2,187.8,222.17,222,222,4,41,309,-,36,28353,158008.18,-,52676.47,3,31,152,24,8.06,9.02,39.75,567.03,73.5,97.67,26.74,467.1,499,86,more-75,1522,374,190,more-75,461,8.33,32784,17259,15526,846.94,208.41,673.72,32336.08,28171.24,44153.18,5.38,9.01,8.33
France,65129731,high,359.5 eur,euro,2045.3,12.5,10.7,9.65,308,9.05,8.85,7.64,5.5,yes,2018,5,no,yes,no,-,-,"A dedicated authority undertakes 
regular inspections, responds to 
complaints, and reports its findings 
at least once a year",yes,2018,yes,2018,yes,2018,14.5,41.9,"Persons pay nothing at the point of 
service use (fully insured)","Persons pay nothing at the point of 
service use (fully insured)",yes,15388,58794,7630,7009,3494,92315,121.03,169.02,141.74,1825,19397,-,4103,-,-,2559,19664.25,4329.76,5429.74,45143.62,383,234,-,-,52.87,527.79,27.48,325.94,10.75,2610.18,14.27,249.64,-,-,-,-,-,-,-,-,-,331718,204723,127001,985.44,-,3463.9,14820.25,23355.89,29423.74,-,-,-
Gabon,2172578,Upper-Middle,447.4 XAF,AFRO,1934.6,13.57,14.55,13.11,0,-,-,-,-,yes,2014,-,Yes,Yes,Yes,2016,3,A dedicated body authority does not exist,No,-,No,-,No,-,1.3,-,Persons pay at least 20% towards the cost of medicines,-,Yes,5,12,8,0,10,35,-,1.66,1.61,4,46,0,1,-,-,-,97.25,-,-,-,1,-,-,-,5.52,-,-,-,-,-,-,-,-,-,51-75,73,31,25,less-25,-,-,1546,747,799,-,-,-,-,-,-,-,-,-
Gambia,2347696,Low,-,AFRO,1854.8,10.71,9.94,9.64,0,-,-,-,-,Yes,2016,5,No,No,Yes,1964,5,A dedicated body authority does not exist,Yes,2017,Yes,2017,No,-,-,-,Persons pay nothing at the point of service use(fully insured),Persons pay nothing at the point of service use(fully insured),Yes,4,22,2,55,0,83,0.73,0.51,3.54,0,0,5,7,7,-,-,-,-,-,-,1,7,5,-,6.39,19.42,-,-,2.56,14.48,-,-,115,115,more-75,115,3,0,less-25,12,0.51,2179,1303,876,10.48,-,33.91,-,-,-,0.68,-,0.51
Germany,83517046,High,531.3 EUR,EURO,2375.2,9.22,8.82,8.27,525,12,11.21,10.41,9.3,Yes,2006,5,-,-,Yes,2016,5,"A dedicated body authority undertakes regular inspections, responds to complaints, and reports its findings at least once a year",Yes,2008,Yes,2008,no,-,13.1,-,Persons pay nothing at the point of service use(fully insured),Persons pay nothing at the point of service use(fully insured),Yes,11874,1000,46000,56000,72000,186874,119.2,119.19,223.76,-,-,3,-,-,1259,334,1569.88,97.1,-,3427,304,331,1283,168,80.98,1064.14,78.89,987.25,108.29,106.45,134.08,389.73,618087,-,-,-,-,-,more-75,2542,3.04,-,-,-,1225.33,1774.93,2157.84,-,99.25,1666.98,-,1.57,3.04
Ghana,"30,417,858",Lower-Middle,3.3 GHS,AFRO,1584.2,12.79,11.74,10.54,34,3.93,3.15,2.92,5.7,Yes,2019,5,No,No,Yes,2012,5,A dedicated authority undertakes irregular inspections of mental health services and irregularly responds to complaints of human rights violations,Yes,2019,Yes,2019,No,-,3,67.8,Persons pay at least 20% towards the cost of services,Persons pay nothing at the point of service use(fully insured),No,39,2463,26,362,6,"2,896",7.47,7.86,9.52,4,45,5,250,1016,10,1,476.51,371.54,0.77,0.8,3,260,10,11,2.3,8.44,3.95,5.28,0.33,0.9,0.38,1,2567,382,51-75,4067,74,309,51-75,1026,3.37,105286,51380,53906,18.91,19.19,14.62,372.51,-,1119.87,0.58,2.37,3.37
Greece,10473452,High,-,EURO,2259.8,3.96,3.42,3.62,70,9.38,8.78,8.26,1.2,Yes,2016,5,Yes,Yes,Yes,2017,5,"A dedicated authority undertakes regular inspections, responds to complaints, and reports its findings at least once a year",Yes,-,Yes,-,No,-,-,-,Persons pay nothing at the point of service use(fully insured),Persons pay nothing at the point of service use(fully insured),Yes,-,-,-,-,-,-,88.8,32.62,-,-,-,3,68,57,104,54,2584.07,1500.04,4436.19,7458.03,3,41,296,12,8.01,66.81,6.46,237.06,30.63,14.5,3.48,508.85,9803,4263,less-25,7871,929,617,26-50,457,4.36,113249,-,-,216.39,154.98,318.37,20.67,3754.21,8250.3,4.83,7.74,4.36
Guatemala,17581476,Upper-Middle,-,AMRO,1706.5,6.67,6.21,6.23,8,3.2,3.79,5.26,0.1,Yes,2007,3,No,No,No,-,-,-,No,-,No,-,No,-,-,-,Persons pay mostly or entirely out of pocket for services,Persons pay mostly or entirely out of pocket medicines,No,35,-,275,-,-,310,2.23,47.72,1.76,-,-,3,-,-,-,-,-,-,-,-,1,-,-,1,2.2,1.33,-,-,-,-,-,-,233,-,more-75,94,167,131,more-75,-,-,332,169,163,9.31,-,1.33,-,-,-,0.07,1.34,-
Guinea,12771246,Low,-,AFRO,1616.2,13.2,12.79,12.33,1,0,0.79,1.52,0.2,No,-,-,Yes,No,No,-,-,A dedicated authority body exists but it is not functioning well,No,-,No,-,No,-,-,-,Persons pay mostly or entirely out of pocket for services,Persons pay mostly or entirely out of pocket for medicines,No,5,0,1,0,0,6,0.24,0.04,0.05,1,1,0,1,-,-,-,9.4,-,-,-,-,1,-,-,-,-,0.5,6.66,-,-,-,-,-,-,more-75,-,-,-,-,-,-,-,-,-,3.46,2.48,6.66,-,-,-,-,-,-
Guinea-Bissau,1920917,Low,-,AFRO,1608.3,12.38,13.15,14.79,0,3.57,0,0,0.00,No,-,-,-,-,No,-,-,-,No,-,No,-,No,-,10,-,Persons pay mostly or entirely out of pocket for services,Persons pay mostly or entirely out of pocket for services,-,0,16,3,3,5,27,-,1.13,1.41,0,0,0,-,-,-,-,-,-,-,-,1,-,-,-,1.87,-,-,-,-,-,-,-,0,0,-,0,0,0,-,-,-,1087,755,332,-,-,-,-,-,-,-,-,-
Guyana,782775,Upper-middle,0.1 GYD,AMRO,2003.8,40.71,39.65,40.85,3,0,5,8.57,0,Yes,2015,5,Yes,Yes,Yes,1930,-,A dedicated body does not exist,No,-,No,-,Yes,2015,2.9,-,Persons pay nothing at the point of service use(fully insured),Persons pay nothing at the point of service use(fully insured),Yes,16,-,7,12,6,41,0.87,0.91,5.24,2,2,3,9,1,-,1,-,-,-,-,1,1,-,-,20.44,-,0.77,-,-,-,-,-,495,-,51-75,32,52,120,more-75,1,0.13,229,156,73,-,-,-,-,-,-,-,-,-
Haiti,11263079,Low,-,AMRO,1746.3,12.03,11.64,11.17,8,8.43,5.29,5.1,0.1,Yes,2014,4,No,No,No,-,-,A dedicated body does not exist,No,-,No,-,No,-,-,-,Persons pay mostly or entirely out of pocket for services,Persons pay mostly or entirely out of pocket for services,No,14,2,160,55,3,234,0.48,1.21,2.08,2,4,1,-,2,-,2,75.19,-,-,-,2,1,2,-,1.86,-,0.05,,0.48,0.27,-,-,-,-,less-25,-,-,-,less-25,4,0.04,-,-,-,19.37,10.58,0.27,-,92.27,75.19,-,-,-
Honduras,9746115,Lower-Middle,0.5 HNL,AMRO,2079.1,3.9,2.66,2.58,2,0,0,3.51,0.00%,Yes,2004,5,No,No,No,-,-,-,No,-,No,-,No,-,1.8,88,Persons pay nothing at the point of service use(fully insured),Persons pay nothing at the point of service use(fully insured),Yes,93,-,129,16,-,238,4.38,1.52,2.44,-,-,3,-,-,-,-,-,-,-,-,3,-,-,-,3.81,-,-,-,-,-,-,-,-,-,26-50,-,-,-,26-50,-,,374,192,182,52.46,1.34,-,279.36,0.13,-,-,-,-
Hungary,9684680,High,6065.2 HUF,EURO,1393.9,16.14,13.34,11.77,38,11.72,7.68,8.82,0.7,No,-,-,No,No,No,-,-,A dedicated body undertakes irregular inspections of mental health services and irregularly responds to complaints of human rights violations,Yes,2018,Yes,2018,Yes,2018,3.2,35.1,Persons pay nothing at the point of service use(fully insured),Persons pay nothing at the point of service use(fully insured),Yes,1170,1052,1535,-,266,4023,2.59,47.2,41.54,182,1963,2,467,236,452,97,7580.82,5009.26,42791.81,6637.5,1,187,219,16,3.21,8.11,29.2,957.69,120.52,109.56,8.17,206.82,-,-,51-75,-,-,-,More-75,907,9.37,67361,-,-,1067.63,955.75,1075.36,23343.08,11588.52,55381.89,-,2.85,9.37
Iceland,339037,High,23596.2 ISK,EURO,1761.2,12.45,12.26,11.15,20,11.79,13.66,9.9,0.4,Yes,2016,4,No,Yes,No,-,-,A dedicated authority body does not exist,Yes,2016,Yes,2016,Yes,2018,-,-,Persons pay atleast 20% towards the cost of services,Persons pay at least 20% towards the cost of medicines,Yes,-,-,-,-,-,-,-,-,-,-,-,5,2,7,10,1,-,-,-,-,1,-,20,1,30.09,-,-,-,-,-,-,-,-,-,51-75,67,5,1,More-75,37,10.91,-,-,-,878.92,1321.75,-,11000.88,10288.79,-,78.35,10.91,-
Indonesia,270625567,Upper-middle,4803.7 IDR,SEARO,1241.4,2.69,2.58,2.55,58,4.6,4.14,6.26,29.7,Yes,2014,5,Yes,Yes,Yes,2014,5,"A dedicated authority undertakes regular inspections, responds to complaints, and reports its findings at least once a year",Yes,2018,Yes,2018,No,-,2,66.1,Persons pay atleast 20% towards the cost of services,Persons pay mostly or entirely out of pocket for medicines,Yes,1120,6200,415,250,150,8135,3.08,3,3.01,50,1016,3,449,150,10,46,147.98,2.75,0.4,5.94,49,370,150,35,4.19,71.99,1.41,22.75,0.74,2.01,0.53,9.34,55700,357,more-75,187590,7220,0,less-25,310,0.11,255980,128970,127010,252.23,,96.75,,,,0.1,-,0.11
Iran,82913893,Upper-middle,-,EMRO,2295.8,-,-,-,216,7.33,6.65,7.05,36.1,Yes,2017,5,Yes,Yes,Yes,2017,5,"A dedicated authority undertakes regular inspections, responds to complaints, and reports its findings at least once a year",Yes,2017,Yes,2017,Yes,2019,-,-,Persons pay at least 20% towards the cost of services,Persons pay at least 20% towards the cost of medicines,Yes,2057,7671,6365,1396,1560,19049,16.4,19.15,22.97,78,418,5,279,5397,121,6962,1623.67,5076.35,-,40.2,40,166,299,283,8.27,200.9,4.64,108.44,27.64,-,74.76,13.95,166575,153249,26-50,6649,276,693,more-75,5817,7.02,832661,425584,407076,170.32,204.94,309.34,2647.12,5114.01,6700.02,0.84,5.13,7.02
Iraq,39309789,Upper-middle,-,EMRO,1844.2,5.7,5.33,4.74,27,9.94,14.46,13.3,4.5,Yes,2017,2,No,No,Yes,2005,5,A dedicated authority undertakes irregular inspections of mental health services and irregularly responds to complaints of human rights violations,No,-,No,-,No,-,-,-,Persons pay at least 20% towards the cost of services,Persons pay nothing at the point of service use(fully insured),-,226,445,88,18,-,777,2.14,1.76,1.98,21,53,2,30,-,-,9,283.04,-,-,42.58,2,21,-,-,3.21,2.29,0.53,9.19,-,-,-,-,4408,250,26-50,716,458,1389,less-25,-,-,38313,28807,16006,17.04,9.29,11.49,368.62,658.86,283.04,-,-,-
Ireland,4882498,High,210 EUR,EURO,-,10.5,9.37,8.9,129,10.76,11.04,12.98,2.3,Yes,2020,5,Yes,No,Yes,2008,3,"A dedicated authority undertakes regular inspections, responds to complaints and reports its findings at least once a year",Yes,2020,Yes,2020,Yes,2015,6,40.5,Persons pay nothing at the point of service use(fully insured),Persons pay at least 20% towards the cost of medicines,Yes,391,4838,388,346,5572,11535,-,-,-,78,661,5,-,111,-,71,-,554.14,-,986.71,32,22,181,4,21.08,-,-,207.6,34.29,-,5.39,26.78,10136,2390,more-75,2057,130,11,more-75,292,5.98,-,-,-,-,535.73,207.6,-,811.28,554.14,-,6.89,5.98
Italy,60550092,High,65.3 EUR,EURO,-,5.27,4.35,4.33,341,6.76,7.07,6.78,6,Yes,2013,5,No,No,Yes,1978,4,A dedicated authority body does not exist,Yes,2018,Yes,2018,No,-,3.6,-,Personds pay nothing at the point of service use (fully insured),Personds pay nothing at the point of service use(fully insured),Yes,3870,14433,2384,1461,4060,26208,44.69,,43.28,-,-,4,23,1231,811,,138.58,18231.9,2441.36,-,-,341,1965,35,-,-,8.09,177.81,42.83,21.87,8.3,126.86,107662,-,51-75,-,-,-,-,4007,6.62,236246,115419,82451,-,186.98,199.68,-,20223.02,20811.84,3.08,6.37,6.62
Jamaica,2948277,Upper-middle,1308.4 JMD,AMRO,1629,2.01,2.18,2.28,6,22.32,11.67,10.34,0.1,Yes,2019,4,No,No,Yes,1997,5,A dedicated authority body exists but it is not functioning well,Yes,2019,Yes,2019,No,-,5.2,48.4,Persons pay nothing at the point of service use(fully insured),Persons pay nothing at the point of service use(fully insured),-,22,139,16,20,404,601,11.08,12.26,20.38,3,23,3,16,137,4,24,683.99,4982.64,680.91,1096.11,1,2,28,-,20.72,25.95,1.76,234.25,19.33,-,-,-,765,0,more-75,64,73,474,51-75,169,5.73,30957,,-,67.53,80.89,160.2,5547.02,4585.03,6347.54,0.14,8.01,5.73
Japan,126860299,High,15043.3 JPY,WPRO,1333.3,16.69,13.75,12.24,480,7.24,6.72,6.54,13.6,Yes,2014,5,No,No,Yes,2013,5,"A dedicated authority undertakes regular inspections, responds to complaints, and reports its findings at least once a year",Yes,2018,Yes,2018,Yes,2017,6.2,-,Persons pay at least 20% towards the cost of services,Persons pay at least 20% towards the cost of medicines,Yes,15925,-,35285,90776,-,141986,117.08,114.28,111.92,-,-,4,-,69,1066,29960,251.06,-,46.64,-,948,629,-,968,170.35,-,74.92,-,-,-,6.2,35.35,-,-,more-75,106119,81207,84764,more-75,1135,0.89,216200,-,-,309.12,300.05,-,25263.96,27116.96,-,1.12,7.31,0.89
Jordan,10101697,Upper-middle,-,EMRO,1897.7,1.89,1.86,1.98,31,5.78,7.56,8.18,5.2,Yes,2018,5,No,No,No,-,-,A dedicated authority undertakes irregular inspections of mental health services and irregularly responds to complaints of human rights violations,No,-,No,-,Yes,2018,-,-,Persons pay nothing at the point of service use(fully insured),Persons pay nothing at the point of service use(fully insured),Yes,105,300,11,-,1,417,5.65,5.91,4.13,-,-,2,52,23,-,6,1.98,-,-,-,3,1,-,-,3.55,28.47,0.15,0.15,-,-,-,-,-,-,-,127,65,183,less-25,23,0.23,-,-,-,44.03,-,1.98,786.16,,28.62,,0.24,0.23
Kazakhstan,18551428,Upper-middle,-,EURO,1383.7,26.16,22.01,18.05,12,6.67,2.8,8.96,0.2,Yes,2020,5,Yes,No,No,-,-,"A dedicated authority undertakes regular inspections, responds to complaints, and reports its findings at least once a year",Yes,2020,Yes,2020,No,-,-,-,Persons pay nothing at the point of service use(fully insured),Persons pay nothing at the point of service use(fully insured),Yes,803,3312,262,62,37,4476,-,-,-,184,778,4,30,26,7,10,3131.66,432.86,140.56,2509.7,19,3,-,13,42.72,293.18,0.57,5.35,-,-,7.98,100.88,48736,1511,less-25,34900,240,92,more-75,33,0.18,117235,64485,52750,-,-,-,-,-,-,-,-,-
Kenya,52573967,Lower-Middle,-,AFRO,1709,11.57,10.45,11.01,59,3.25,3.9,5.58,9.9,Yes,2015,1,-,-,Yes,1991,-,A dedicated authority body exists but it is not functioning well,Yes,2015,Yes,2015,Yes,2015,-,-,Persons pay mostly or entirely out of pocket for services,Persons pay mostly or entirely out of pocket for medicines,Yes,115,460,6493,487,501,8056,-,0.18,15.32,-,-,3,39,-,-,-,-,-,-,-,1,14,-,-,-,-,-,-,-,-,-,-,-,-,-,-,-,-,-,-,-,-,-,-,-,-,-,-,-,-,-,-,-
Kiribati,117608,Lower-Middle,0.3 AUD,WPRO,1372.3,32.34,31.38,30.56,6,1.54,4.76,7.32,0.2,Yes,2016,5,No,No,Yes,2020,5,A dedicated authority body does not exist,No,-,No,-,No,-,5,100,Persons pay nothing at the point of service use(fully insured),Persons pay nothing at the point of service use(fully insured),Yes,1,17,1,1,22,42,-,3.56,35.71,0,0,4,1,-,-,-,1312.84,-,-,-,1,-,-,-,38.26,204.07,-,-,-,-,-,-,244,200,51-75,29,11,5,26-50,-,-,187,121,66,-,55.16,204.07,-,20.46,1312.84,-,-,-
Kuwait,4207077,High,-,EMRO,1859.7,2.34,2.45,2.66,6,6.34,7.26,4.05,1,Yes,2019,2,Yes,Yes,Yes,2019,5,A dedicated authority body does not exist,Yes,2019,Yes,2019,No,-,-,-,Persons pay nothing at the point of service use(fully insured),Persons pay mostly or entirely out of pocket for medicines,-,99,610,57,18,5,789,25.23,-,18.75,8,58,3,2,-,20,2,1141.15,-,536.52,265.05,2,-,-,1,14.69,67.39,-,-,-,-,1.78,11.47,2835,1272,51-75,1685,93,54,more-75,20,0.48,4402,2870,1532,102.12,-,67.39,12203.2,,1677.67,-,-,-
Lao People's Democratic Republic,7169456,Lower-Middle,-,WPRO,1410.4,6.33,6.18,5.98,3,2.46,0.83,2.1,0.1,Yes,2014,-,Yes,Yes,No,-,-,-,-,-,-,-,-,-,-,-,Persons pay mostly or entirely out of pocket for services,Persons pay mostly or entirely out of pocket for medicines,No,-,-,-,-,-,-,-,-,-,-,-,-,-,-,-,-,-,-,-,-,-,-,-,-,-,-,-,-,-,-,-,-,-,-,-,-,-,-,-,-,-,-,-,-,-,-,-,-,-,-,-,-,-
Latvia,1906740,High,29.6 EUR,EURO,1614.1,16.7,17.15,16.06,3,8.62,2.31,5.26,0.1,Yes,2019,3,No,No,No,-,-,-,Yes,2019,Yes,2019,No,-,4.8,78.3,Persons pay nothing at the point of service use(fully insured),Persons pay at least 20% towards the cost of medicines,Yes,249,542,601,3315,701,5408,12.05,32.82,283.63,20,1237,5,-,-,-,276,-,-,-,40767.27,9,-,62,80,111.18,903.95,-,-,516.27,-,2579.91,20091.66,14872,200,26-50,1283,230,148,less-25,62,3.25,32838,11325,21513,1050.41,871.6,903.95,6676.36,21558.84,-,6.96,74.82,3.25
Lebanon,6855709,Upper-middle,2.0 USD,EMRO,2126,3.01,2.78,2.76,45,11.5,10.34,12.47,7.5,Yes,2015,5,No,No,Yes,1983,2,-,No,-,No,-,Yes,2015,5,68.3,Persons pay at least 20% towards the cost of services,Persons pay at least 20% towards the cost of medicines,No,65,-,502,1700,625,2892,6.5,10.01,42.18,1,55,4,12,81,-,3,20.48,1104.55,-,-,4,9,-,4,19.06,38.64,1.17,13.26,1.31,-,-,-,2661,1350,26-50,860,38,1081,51-75,81,1.39,2593,-,-,8.44,94.71,51.9,-,40.43,1125.03,0.14,0.48,1.39
Liberia,4937374,Low,0.001 USD,AFRO,1670.9,8.5,7.62,7.37,2,8.33,1.04,2.6,0.3,Yes,2016,5,No,No,Yes,2017,5,A dedicated authority body exists but it is not functioning well,Yes,2016,Yes,2016,No,-,0.02,-,Persons pay mostly or entirely out of pocket for services,Persons pay mostly or entirely out of pocket for medicines,No,4,443,2,20,14,483,0.41,7.87,9.78,0,120,4,-,-,-,8,112.29,-,-,0.17,2,4,-,-,1.72,13.25,0.16,1.66,-,-,-,-,1086,115,less-25,673,7,1,51-75,-,-,2797,-,-,13.52,11.11,14.91,155.98,750.33,112.29,-,-,-
Libya,6777453,Upper-middle,-,EMRO,1967.2,4.78,4.95,4.49,1,4.08,4.76,3.03,0.2,No,-,-,-,-,,-,-,-,No,-,No,-,-,-,-,-,Persons pay mostly or entirely out of pocket for services,Persons pay mostly or entirely out of pocket for services,-,84,269,62,27,-,442,6.8,-,6.52,-,-,1,4,-,1,-,111.59,-,-,-,2,4,-,-,-,-,-,-,-,-,-,-,-,-,-,-,-,-,-,-,0.01,-,-,-,60,21.24,-,-,-,-,0.08,,0.01
Lithuania,2759631,High,33.9 EUR,EURO,1716.2,33.97,26.21,20.15,16,9.48,5.65,10.53,0.3,Yes,2020,5,No,No,Yes,2019,5,A dedicated authority undertakes irregular inspections of mental health services and irregularly responds to complaints of human rights violations,Yes,2020,Yes,2020,Yes,2020,4.2,7.9,Persons pay nothing at the point of service use(fully insured),Persons pay at least 20% towards the cost of medicines,Yes,544,1034,523,549,10,2660,82.01,84.07,96.39,54,1824,4,44,115,37,1206,870.8,35194.63,7420.3,39215.37,6,19,-,6,41.71,389.11,49.1,667.34,-,-,23.14,352.06,10738,520,51-75,1558,246,29,less-25,152,5.51,28228,12770,15458,1181.74,1131.75,1056.45,25185.21,-,43485.74,3.92,-,5.51
Madagascar,26969306,Low,0.0003 EUR,AFRO,1766.1,9.79,9.47,9.18,1,0.58,0,0.53,0.2,Yes,2005,2,No,No,No,-,-,-,No,-,No,-,No,-,0.01,-,Persons pay mostly or entirely out of pocket for services,Persons pay mostly or entirely out of pocket for medicines,No,17,72,28,200,71,388,0.479,0.483,1.44,3,331,3,-,-,1,1,-,-,1.74,1.52,-,10,4,-,-,-,0.55,4.03,0.13,1.09,-,-,480,0,less-25,432,140,98,less-25,5,0.019,1109,716,393,-,0.6,1.74,14.83,13,51.12,0.008,0.012,0.019
Malaysia,31949789,Upper-middle,10.8 MYR,WPRO,1609.2,4.9,5.37,5.77,70,8.73,7.37,6.98,2,Yes,2012,4,Yes,No,Yes,2010,-,"A dedicated authority undertakes regular inspections, responds to complaints, and reports its findings at least once a year",No,-,Yes,2016,Yes,2016,1.1,100,Persons pay nothing at the point of service use(fully insured),persons pay nothing at the point of service use(fully insured),Yes,385,920,178,345,43,1871,2.64,8.92,5.86,10,10,5,66,-,-,-,2002.1,-,-,-,4,66,38,-,11.18,10.14,-,79.63,-,-,-,-,3239,-,more-75,-,-,-,more-75,38,0.12,10257,-,-,-,14.99,89.77,-,1508.16,2002.1,0.09,3.19,0.12
Maldives,530957,Upper-middle,43.5 MVR,SEARO,1375.6,2.8,3.15,2.76,26,5.71,3.75,3.75,13.3,Yes,2017,5,No,No,No,-,-,A dedicated authority body does not exist,Yes,2016,Yes,2014,No,-,-,100,Persons pay nothing at the point of service use(fully insured),persons pay nothing at the point of service use(fully insured),Yes,17,0,7,2,7,33,4.84,5.26,6.22,0,0,1,1,-,-,-,-,-,-,-,-,1,-,-,-,-,0.75,30.13,-,-,-,-,-,-,-,-,-,-,-,-,-,-,-,-,100.69,56.88,30.13,,-,,0.28,-,1.91
Mali,19658023,Low,-,AFRO,1393.6,8.75,8.29,7.96,2,0,0,2.04,0.3,No,-,-,No,No,No,-,-,-,No,-,No,-,No,-,-,-,Persons pay mostly or entirely out of pocket for services,Persons pay mostly or entirely out of pocket for medicines,Yes,16,25,3,1,1,46,0.15,0.13,0.23,-,-,1,-,6,1,-,86.48,5.09,-,-,-,2,-,-,-,-,0.56,3.13,-,-,-,-,-,-,51-75,89,12,15,more-75,7,0.04,3892,-,-,3.2,23.33,3.13,-,-,-,0.03,-,0.04
Marshall Islands,58791,Upper-middle,5.5 USD,WPRO,1350.8,-,-,-,6,1.54,4.76,7.32,0.2,Yes,2017,5,Yes,No,No,-,-,A dedicated authority undertakes irregular inspections of mental health services and irregularly responds to complaints of human rights violations,Yes,2020,Yes,2020,Yes,2015,8,13.9,Persons pay nothing at the point of service use(fully insured),Persons pay nothing at the point of service use(fully insured),No,1,3,0,0,4,8,5.69,5.66,13.61,1,5,4,2,-,-,3,6633.67,-,-,181.44,-,2,-,2,-,-,17.01,23.81,-,-,28.35,11.34,-,-,26-50,-,-,-,-,-,-,283,216,67,6916.81,392.5,6633.67,-,-,-,-,-,-
Mauritius,1269670,High,685.6 MUR,AFRO,1554,7.77,7.58,8.75,-,15.63,6.25,-,-,No,-,-,Yes,Yes,Yes,1998,5,"A dedicated authority undertakes regular inspections, responds to complaints and reports its findings at least once a year",No,-,No,-,Yes,2020,7.6,53.2,Persons pay nothing at the point of service use(fully insured),Persons pay nothing at the point of service use(fully insured),-,38,157,39,3,8,245,-,-,-,1,25,3,10,20,10,5,4925.3,647.65,-,425.31,1,9,3,3,50.01,251.8,6.4,340.1,-,-,1.9,17.5,3139,208,51-75,170,146,201,More-75,33,2.6,415,251,164,-,745.74,584.01,-,-,-,-,-,-
Mexico,127575529,Upper-middle,17.0 MXN,AMRO,1653.5,5.28,5.57,5.29,145,5.21,5.68,6.8,2.2,Yes,2019,5,No,Yes,No,-,-,"A dedicated authority undertakes regular inspections, responds to complaints and reports its findings at least once a year",Yes,2019,Yes,2019,yes,2020,1.8,62.7,Persons pay at least 20% towards the cost of services,Persons pay at least 20% towards the cost of medicines,Yes,1996,6198,7469,1741,1338,18742,6.29,4.06,14.69,176,1542,3,412,400,7,785,944.88,431.83,77.1,860.97,40,52,7,1,2.8,24.6,0.2,2.47,0.13,2.46,0.21,2.23,31378,7730,less-25,40144,329,659,less-25,414,0.32,98538,42139,56399,-,17.31,29.52,2170.53,575.83,1453.81,0.01,0.15,0.32
Micronesia,113811,Lower-Middle,-,WPRO,1360.4,27.4,28.18,28.99,6,1.54,4.76,7.32,0.2,Yes,2015,-,No,No,Yes,1989,-,-,No,-,No,-,No,-,-,-,Persons pay nothing at the point of service use(fully insured),Persons pay nothing at the point of service use(fully insured),-,1,4,0,5,0,10,16.36,-,8.79,-,-,2,4,-,-,-,4239.48,-,-,-,-,-,-,-,-,-,-,-,-,-,-,-,-,-,-,-,-,-,-,-,-,395,258,137,-,-,-,-,-,-,-,-,-
Monaco,38967,High,65.3 EUR,EURO,2110.2,-,-,-,1,33.3,14.29,33.33,0,Yes,2014,5,Yes,Yes,Yes,1981,4,A dedicated authority body does not exist,Yes,2014,Yes,2014,Yes,2014,-,-,Persons pay nothing at the point of service use(fully insured),Persons pay nothing at the point of service use(fully insured),Yes,-,-,-,-,-,-,138.06,-,273.84,17,141.15,3,1,1,-,2,22344.55,3621.01,-,83190.76,-,1,-,1,-,-,143.71,1249.78,-,-,34.22,547.48,-,-,more-75,487,2,1,more-75,1,2.57,245,115,124,,2764.51,1249.78,-,31028.27,25965.56,-,2.61,2.57
Mongolia,3225166,Lower-Middle,3828.3 MNT,WPRO,1494,20.43,19.82,18.02,3,4.12,0.86,2.22,0.1,Yes,2013,3,Yes,No,Yes,2013,5,"A dedicated authority undertakes regular inspections,responds to complaints and reports its findings at least once a year",Yes ,2017,Yes,2017,No,-,-,100,Persons pay nothing at the point of service use(fully insured),Persons pay nothing at the point of service use(fully insured),-,100,170,20,8,3,301,-,8.43,9.33,6,14,2,1,-,-,1,-,-,-,109.81,1,20,-,1,17.05,223.03,3.1,40.31,-,-,2.07,34.18,7193,68,less-25,7014,79,100,51-75,-,-,2689,-,-,-,211.66,263.34,-,-,-,-,-,-
Montenegro,627988,Upper-middle,,EURO,1417.3,16.34,16.08,16.22,0,10,0,0,0,Yes,2019,3,No,No,Yes,2006,5,"A dedicated authority undertakes regular inspections, responds to complaints, and reports its findings at least once a year",No,,No,,No,,,,Persons pay nothing at the point of service use(fully insured),Persons pay nothing at the point of service use(fully insured),Yes,55,,28,13,13,109,35.4,27.38,17.36,,,0,4,,,,728.99,,,,2,2,,,44.75,152.23,5.25,,,,,,836,18,51-75,638,45,74,51-75,,,4377,2363,2014,,55.72,152.23,,,,,,
Morocco,36471766,Lower-Middle,,EMRO,2055.8,8.24,7.41,7.29,13,6.59,5.73,4.22,2.2,Yes,2013,5,No,No,Yes,1959,5,"A dedicated authority undertakes regular inspections, responds to complaints, and reports its findings at least once a year",Yes,2018,Yes,2018,No,,,,Persons pay nothing at the point of service use(fully insured),Persons pay at least 20% towards the cost of medicines,Yes,428,1335,214,12,,1989,4.63,4.51,5.45,41,270,3,36,83,5,5,346.53,357.9,,58.91,11,25,,1,3.68,59.82,2.18,,,,0.13,4.18,,,51-75,,,,26-50,88,0.25,126584,76482,50102,27.92,67.82,59.82,435.51,660.86,704.44,,0.32,0.24
Myanmar,54045422,Lower-Middle,70.3 MMK,SEARO,1219.3,3.46,3.33,2.96,11,3,3.14,4.06,5.6,Yes,2020,5,Yes,Yes,Yes,1948,,A dedicated authority body does not exist,Yes,2020,Yes,2020,Yes,2020,1.4,85.2,Persons pay nothing at the point of service use(fully insured),Persons pay at least 20% towards the cost of medicines,No,117,302,,49,1,469,0.56,0.73,0.87,10,10,3,32,1,,2,,28.78,,3.27,2,17,,,2.93,34.48,0.41,6.22,,,,,18636,,more-75,21528,280,187,more-75,1,0.002,55745,35705,20040,27.46,44.24,28.78,108.2,147.2,40.7,,0.006,0.002
Namibia,2494524,Upper-middle,,AFRO,1470.7,14.38,14.92,13.51,4,1.56,0,4.82,0.7,Yes,2005,5,No,No,Yes,1973,3,A dedicated authority body does not exist,No,,No,,Yes,2015,,,Persons pay nothing at the point of service use(fully insured),Persons pay nothing at the point of service use(fully insured),Yes,3,7,3,4,4,21,8.18,3.75,0.84,,,1,2,,,,3291.97,,,,,2,,,,,13.63,206.01,,,,,,,more-75,,,,51-75,,,586,,,190.38,376.78,206.01,,2030.66,3291.97,16.7,0.04,
Nepal,28608715,Lower-Middle,0.1 USD,SEARO,1773.7,10.26,9.68,9.77,38,5.18,7.75,5.52,19.5,Yes,2020,4,No,No,No,,,A dedicated authority body does not exist,No,,Yes,2019,No,,0.2,20,Persons pay at least 20% towards the cost of services,Persons pay at least 20% towards the cost of medicines,Yes,183,123,31,,,337,0.22,1.44,1.18,5,10,3,40,,,3,,,,,6,25,,,0.52,,1.26,,,,,,,,26-50,,,,51-75,,,,,,,,,,,,,,
New Zeland,4783062,High,319.9 NZD,WPRO,2354.3,11.56,11.52,10.3,147,7.62,7.4,7.83,4.2,Yes,2019,5,No,No,Yes,1992,5,"A dedicated authority undertakes regular inspections,responds to complaints and reports its findings at least once a year",Yes,2019,Yes,2019,Yes,2019,8.4,,,,,414,3424,460,711,567,5578,,103.67,116.61,74,1005,5,,,,,649.4,75172.41,,61649.08,,,,,,,18.96,331.5,25,309.22,9.12,375.18,,,more-75,,,,,,,7917,4956,2961,254.19,536.08,640.72,,45140.01,75821.81,,,
Nicaragua,6545503,Lower-Middle,26.0 NIO,AMRO,1657.1,5.87,4.59,4.66,3,3.03,2.35,4.41,0,Yes,2020,5,Yes,Yes,Yes,2008,,"A dedicated authority undertakes regular inspections, responds to complaints and reports its findings at least once a year",Yes,2019,Yes,2019,Yes,2020,1.2,59.5,Persons pay nothing at the point of service use (fully insured),Persons pay nothing at the point of service use (fully insured),Yes,51,2,120,70,7,250,,6.05,3.82,4,15,3,5,36,,21,707.33,1067.04,,1024.33,1,1,1,,2.95,18.01,0.12,4.48,0.18,0.38,,,1179,1179,26-50,1179,25,70,more-75,37,0.57,3696,2552,1174,,19.81,22.87,,2347.83,1774.36,,0.54,0.57
Niger,23310719,Low,,AFRO,322.8,10.66,10.22,10.15,0,0,1.69,0,0,Yes,2017,4,No,No,No,,,A dedicated authority body does not exist,No,,No,,No,,,,Persons pay mostly or entirely out of pocket for services,Persons pay mostly or entirely out of pocket for medicines,,3,55,38,2,0,98,0.16,0.19,0.42,,,3,9,,,,46.48,,,,,9,3,,,,0.86,46.48,,,,,,,less-25,,,,less-25,3,0.01,1516,717,799,,,,,,,,1.51,0.01
Nigeria,200963603,Lower-Middle,89.0 NGN,AFRO,3003.1,8.01,7.22,6.87,78,5.38,5.35,5.49,13.1,Yes,2013,5,,No,Yes,1958,,A dedicated authority body does not exist,No,,No,,No,,4.1,100,Persons pay mostly or entirely out of pocket for services,Persons pay mostly or entirely out of pocket for medicines,No,,,,,,,,,,,,3,,,,,,,,,8,,,,,,,,,,,,,,,,,,,,,,,,,,,,,,,,
Niue,1614,Upper-middle,9.3 NZD,WPRO,1408.1,,,,14,7.65,4.86,3.64,0.4,No,,,No,Yes,No,,,,No,,No,,Yes,,1,100,Persons pay nothing at the point of service use (fully insured),Persons pay nothing at the point of service use (fully insured),,2,,,,,2,,,,,3,4,1,1177.2,1,,,,,1177.2,,,,,,,,,,,,,,,more-75,,,,more-75,,,1,,1,,,,,,,,,
Norway,5378859,High,,EURO,1945.3,10.29,11.08,9.91,282,15.83,16.1,15.43,5,Yes,2019,5,Yes,Yes,Yes,2018,5,"A dedicated authority undertakes regular inspections, responds to complaints, and reports its findings at least once a year",Yes,2019,Yes,2019,Yes,2020,13.5,,Persons pay at least 20% towards the cost of services,Persons pay at least 20% towards the cost of medicines,Yes,1225,3799,4955,2276,1041,13296,233.51,121.56,247.19,1.19,2497,5,25,70,4,3792,4601.5,28753.29,144.18,65501,,27,66,32,,,34.97,549.04,25.36,457.29,24.62,248.71,0,0,more-75,1484,145,29,more-75,140,2.6,41624,19935,21689,1100.9,1154.04,1006.33,44208.15,35976.37,33498.96,,0.56,2.6
Oman,4974992,High,2.8 OMR,EMRO,1809.5,4.79,4.52,4.47,7,6.17,6.9,5.69,1.2,No,,,,,No,,,,Yes,2015,No,,No,,1.8,,Persons pay nothing at the point of service use (fully insured),Persons pay nothing at the point of service use (fully insured),,82,493,48,12,15,650,15.92,5.52,12.07,,,2,10,,14,3,335.86,,,142.82,1,9,,1,4.42,36,,,,,0.3,3.67,,,more-75,163,17,9,more-75,14,0.28,865,581,284,,45.69,36,,2580.65,335.86,,,
Pakistan,216565317,Lower-Middle,1947.7 PKR,EMRO,1601,9.98,10.2,9.77,65,5.94,4.87,4.53,10.9,No,,,,,Yes,2001,5,A dedicated authority body does not exist,No,,No,,No,,0.04,,Persons pay at least 20% towards the cost of services,Persons pay at least 20% towards the cost of medicines,Yes,300,200,100,600,0,1200,19.15,,0.55,,,3,3729,624,,2,,,,,11,800,578,3,,,,,,,,,,,26-50,,,,51-75,1202,0.56,,,,,,,,,,0.4,0.63,0.56
Palau,18001,High,16.7 USD,WPRO,1397.2,,,,0,,20,,,No,,,,,Yes,,,A dedicated body exists but it is not functioning well,No,,No,,No,,,,Persons pay at least 20% towards the cost of services,Persons pay at least 20% towards the cost of medicines,Yes,2,9,0,2,10,23,,,,2,23,3,1,1,1,4,1738.79,183.32,1388.81,15277.78,,1,,,,,44.44,305.54,,,,,,,,,,,,2,11.11,114,80,34,,,,,,,,,
Panama,4 246 440,High,16.5 USD,AMRO,1 551.7,3.54,3.35,2.86,2,0.88,1.03,1.57,0.00%,yes,2003,5,no,no,no,-,n/a,"A dedicated authority undertakes
irregular inspections of mental
health services and irregularly
responds to complaints of human
rights violations",yes,2016,yes,2016,yes,2006,3,15,"nothing, fully insured","nothing, fully insured",yes,248,162,221,-,10,641,16.43,24.03,15.1,245,1217,4,9,103,-,3214,884.91,2051.2,-,2931.66,1,9,-,2,3.53,18.42,4.36,40.98,-,-,0.54,21.45,-,-,51-75,782,0,41,more-75,103,2.43,2043,1122,921,58.76,17.46,59.39,1164.85,0,2936.11,0,2.62,2.43
Papua New Guinea,8 776 119,Lower-middle,1.3 PGK,WPRO,1389.6,3.43,3.64,3.57,2,2.08,2.46,1.83,0.10%,yes,2010,n/a,no,no,yes,2016,n/a,"A dedicated authority undertakes
regular inspections, responds to
complaints, and reports its findings
at least once a year",no,-,no,-,no,-,1,98,"nothing, fully insured","nothing, fully insured",-,12,102,4,3,0,121,0.09,-,1.38,1,3,3,11,1,3,22,57.9,0.23,0.51,6.76,1,5,-,-,0.68,1.49,0.34,1.22,-,-,-,-,131,129,more-75,98,26,7,more-75,4,0.05,2309,1505,804,2.78,-,2.71,-,-,-,-,-,-
Paraguay,7 044 639,Upper-middle,-,AMRO,1997.6,5.075,5.64,6.16,1,0,2.7,2.27,0.00%,yes,2017,4,no,no,no,-,n/a,"A dedicated authority body does
not exist",no,-,no,-,yes,2018,-,-,"nothing, fully insured","nothing, fully insured",-,114,-,327,-,-,441,9.92,-,6.26,17,17,3,66,-,-,1,-,-,-,-,1,2,6,-,-,-,0.23,-,0.85,-,-,-,-,-,-,-,-,-,-,6,0.09,24125,13117,10908,3.2,-,31.51,1.14,-,1661.05,0.09,0.57,0.09
Peru,"31,376,671",Upper-middle,8.84 PEN,AMRO,3399.67,-,4.9,-,-,-,-,-,-,yes,2006,5,-,-,yes,2012,5,"Exist and provides regular inspections of facilities and
reports at least annually",no,-,no,-,-,-,1.7,-,"nothing, fully insured","nothing, fully insured",yes,926,320,2890,113,5218,"10,051",-,32.03,-,-,-,-,-,23,5,29,-,144.7,0.37,125.54,3,18,-,-,3.2,10.06,0.4,2,0.1,0.01,0.03,0.16,5176,71,26-50,-,-,-,-,-,-,-,-,-,-,-,-,-,-,-,-,-,-
Philippines,108 116 622,Lower-middle,25.9 PHP,WPRO,1409.4,2.88,2.67,2.54,22,3.59,5.1,5.5,0.60%,yes,2018,5,no,no,yes,2018,5,"A dedicated authority undertakes
regular inspections, responds to
complaints, and reports its findings
at least once a year",yes,2018,yes,2017,yes,2016,2.9,87.1,at least 20% paid by individual,at least 20% paid by individual,yes,240,842,82,521,136,1821,1.15,1.7,1.68,28,357,3,85,-,-,2,76.45,-,-,-,1,84,58,2,3.88,6.33,1.25,-,1.54,-,-,-,5409,-,26-50,5093,353,147,less-25,58,0.05,139699,-,-,6.67,15.08,6.33,-,70.79,76.45,0.01,0.18,0.05
Poland,37 887 771,High,83.8 PLN,EURO,1259,15.06,11.37,9.3,121,7.5,7.03,6.68,2.10%,yes,2017,3,no,yes,yes,1994,4,"A dedicated authority undertakesregular inspections, responds tocomplaints, and reports its findingsat least once a year",yes,2019,yes,2019,yes,-,3.5,30.4,"nothing, fully insured","nothing, fully insured",yes,4589,11189,4620,-,4936,25344,31.71,75.4,66.87,360,3340,-,1858,232,80,340,17746.08,1150.88,172.25,12572.87,46,153,83,46,28.58,273.36,16.2,212.21,13.57,22.28,13.18,172,103569,7579,-,8895,408,90,-,395,1.04,201269,99187,102082,736.65,472.28,507.84,0,23785.36,19069.21,0.15,3.02,1.04
Portugal,10 226 178,High,-,EURO,2316.5,7.98,7.38,7.22,92,7.13,6.57,8.62,1.60%,yes,2017,5,yes,no,yes,1998,4,"A dedicated authority undertakesirregular inspections of mentalhealth services and irregularlyresponds to complaints of humanrights violations",yes,2017,yes,2017,yes,2013,-,-,"nothing, fully insured","nothing, fully insured",yes,613,1112,262,86,70,2143,20.49,-,20.96,97,283,4,39,-,35,41,6182.65,-,1681.54,7502.12,2,33,28,4,5.81,43.6,12.05,142.07,2.12,-,2.39,-,-,-,51-75,-,-,-,more-75,63,0.62,-,-,-,-,186.8,185.67,6471.5,8072.56,7864.2,0.26,0.95,0.62
Qatar,2 832 071,High,62.9 QAR,EMRO,1814.9,5.3,4.83,4.66,9,11.58,2.48,5.63,1.50%,yes,2019,5,yes,yes,yes,2016,5,"A dedicated authority body exists
but it is not functioning well",yes,2018,yes,2018,no,-,1.1,95.9,at least 20% paid by individual,at least 20% paid by individual,yes,63,515,46,14,78,716,13.45,14.78,25.28,16,47,5,1,14,2,2,1335.03,493.49,1641.24,2671.23,1,-,3,1,2.3,39.37,-,-,5.01,13.42,0.4,17.03,1115,0,51-75,66,29,0,more-75,19,0.67,1975,1193,782,56.75,42.25,52.79,990.07,1299.48,3469.76,0.04,0.15,0.67
Republic Of Korea,51 225 321,High,6155.2 KRW,WPRO,1 334.6,23.84,20.49,21.16,333,6.09,6.19,6.96,9.40%,yes,2020,4,yes,yes,yes,2020,4,"A dedicated authority undertakesirregular inspections of mentalhealth services and irregularlyresponds to complaints of humanrights violations",yes,2020,yes,2020,yes,2018,2.4,39.1,at least 20% paid by individual,at least 20% paid by individual,yes,4052,7152,968,4971,5908,23051,38.79,29.53,45,0,0,4,-,260,-,-,3872.58,-,8.64,-,-,-,-,-,45.44,-,-,-,-,-,-,-,36756,17321,51-75,109430,10292,1137,more-75,260,0.51,2127048,1239615,887433,-,-,-,-,2065,3881.22,0.8,1.15,0.51
Republic Of Moldova,4 043 258,Lower-middle,47.2 MDL,EURO,102.4,14.4,13.42,12.17,2,24,6.25,8,0.00%,yes,2017,5,yes,yes,yes,2017,1,A dedicated authority body does not exist,no,-,no,-,no,-,2.5,84.8,"nothing, fully insured","nothing, fully insured",yes,136,542,52,58,60,848,28.86,21,20.97,8,105,3,1,40,-,-,14.77,5315.12,-,-,3,3,6,-,35,410.56,0.74,16.35,57.38,2.32,-,-,16600,27,51-75,78,66,15,less-25,46,1.14,16274,9892,6382,636.39,453.57,429.23,1098.44,3090.52,5329.89,0.72,1.13,1.14
North Macedonia,2 083 458,Upper-middle,834.4 MKD,EURO,1 360.1,8.05,7.27,7.15,1,4.55,0,3.85,0.00%,yes,2018,5,yes,yes,yes,2015,5,"A dedicated authority undertakesirregular inspections of mentalhealth services and irregularlyresponds to complaints of humanrights violations",yes,2018,yes,2018,no,-,7.3,19.8,"nothing, fully insured","nothing, fully insured",yes,179,376,88,13,3,659,-,18.76,31.63,8,108,1,20,-,32,5,5792.58,-,3167.19,394.59,4,8,0,1,93.59,195.92,12.72,228.85,-,-,3.23,34.66,-,-,51-75,3517,2500,30,51-75,32,1.54,28540,11473,17067,-,-,-,-,-,-,-,-,-
Russian Federation,145 872 260,Upper-middle,-,EURO,4 823.9,29.13,26.89,21.6,60,7.19,5.26,5.17,1.10%,yes,2020,4,yes,yes,yes,2018,5,"A dedicated authority undertakes
regular inspections, responds to
complaints, and reports its findings
at least once a year",no,-,no,-,no,-,-,-,"nothing, fully insured","nothing, fully insured",yes,18568,-,5675,3277,3437,30957,48.66,15.52,21.22,1464,1464,5,180,-,282,-,6420.3,-,1872.65,-,180,-,-,-,87.81,515.01,-,-,-,-,-,-,630153,56127,more-75,658589,92674,-,51-75,282,0.19,-,-,-,549.23,441.24,515.01,287.04,26057.7,8292.94,-,0.2,0.19
Rwanda,12 626 938,Low,8 RWF,AFRO,1 800.4,10.13,9.73,9.45,13,4.55,5.36,6.6,2.20%,yes,2019,5,no,no,no,-,-,"A dedicated authority undertakes
irregular inspections of mental
health services and irregularly
responds to complaints of human
rights violations",yes,2012,yes,2012,no,-,0.02,11,at least 20% paid by individual,at least 20% paid by individual,yes,12,191,270,20,10,503,1.89,2.01,3.98,0,0,4,-,-,-,-,-,-,-,-,2,46,-,-,3.65,41.4,0.48,43.88,-,-,-,-,5277,0,more-75,5227,0,0,51-75,-,-,16758,-,-,28.03,147.9,85.28,1089.05,1623.05,-,-,-,-
Saint Kitts and Nevis,52 834,High,-,AMRO,1 840.1,-,-,-,0,0,-,-,-,yes,2019,4,no,no,yes,1956,n/a,"A dedicated authority undertakesirregular inspections of mentalhealth services and irregularlyresponds to complaints of humanrights violations",no,-,no,-,no,-,-,-,"nothing, fully insured","nothing, fully insured",yes,4,5,1,1,-,11,-,5.53,20.82,-,-,5,2,5,1,-,-,-,-,-,-,1,-,-,-,-,22.71,-,-,-,-,-,-,-,more-75,-,-,-,more-75,6,11.36,-,-,-,-,-,-,-,-,-,-,1.84,11.36
Saint Lucia,182 795,Upper-middle,8.7 XCD,AMRO,1 698.2,7.69,6.65,6.85,0,0,0,0,0%,yes,2005,n/a,no,no,yes,2001,2,"A dedicated authority body doesnot exist",no,-,no,-,no,-,3,100,"nothing, fully insured","nothing, fully insured",-,4,6,3,2,1,16,28.87,52.48,8.75,1,7,2,1,31,-,1,2188.24,408.65,-,793.2,1,-,-,1,58.54,638.97,-,-,-,-,21.27,106.33,1168,-,51-75,74,2,29,more-75,31,16.96,2550,1647,903,894.89,537.23,638.97,0,3071,2596.9,0,19.19,16.96
Saint Vincent and The Grenadines,110 593,Upper-middle,0.1 XCD,AMRO,1 704.9,3.74,0.67,1.01,0,100,0,0,0%,yes,2017,5,yes,no,yes,2009,5,"A dedicated authority body existsbut it is not functioning well",no,-,no,-,no,-,6,100,"nothing, fully insured","nothing, fully insured",yes,1,0,3,2,0,6,23.77,8.22,5.43,1,12,5,-,-,-,15,-,-,-,82.92,1,-,-,-,160.95,362.59,-,-,-,-,-,-,401,287,more-75,75,45,135,more-75,-,-,1125,954,171,-,347.17,362.59,-,-,-,-,-,-
Saudi Arabia,34 268 529,High,-,EMRO,1 846.3,6.31,5.9,5.43,43,3.43,3.74,3.91,7.20%,yes,2019,4,yes,yes,yes,2016,4,-,-,-,yes,2020,no,-,4,22,"nothing, fully insured","nothing, fully insured",yes,1170,872,1113,2909,-,6064,16.47,17.97,17.7,-,-,4,133,-,17,-,-,-,-,-,19,26,1,1,11.98,-,-,-,0.29,-,0.04,-,71391,-,-,-,-,-,-,17,-,-,-,-,-,-,-,-,-,-,-,-,-
Senegal,16 296 362,Lower-middle,-,AFRO,1 505.9,12.12,11.53,10.99,3,0,1.91,1.34,0.50%,yes,2019,3,no,no,yes,1975,4,"A dedicated authority undertakesirregular inspections of mentalhealth services and irregularlyresponds to complaints of humanrights violations",no,-,no,-,yes,2019,-,-,"nothing, fully insured","nothing, fully insured",no,36,145,7,15,13,216,0.58,0.55,1.33,3,18,0,-,1,-,1,-,3.77,-,-,1,6,4,3,0.66,178.87,0.82,-,0.88,-,-,-,-,-,51-75,-,-,-,26-50,5,0.031,71880,-,-,319.66,185.22,178.87,-,218.87,3.77,0.00275,0.00267,0.0031
Serbia,8 772 228,Upper-middle,0.3 EUR,EURO,1 383.8,13.03,10.58,7.86,9,8.65,8.02,3.13,0.20%,yes,2019,5,yes,yes,yes,2013,5,"A dedicated authority undertakesirregular inspections of mentalhealth services and irregularlyresponds to complaints of humanrights violations",yes,2019,yes,2019,no,-,-,-,"nothing, fully insured","nothing, fully insured",yes,492,1875,-,-,-,2367,21.77,26.96,26.98,47,77,3,-,4,-,47,-,-,-,-,7,36,-,6,48.71,-,12.9,-,-,-,4.52,-,-,-,more-75,-,-,-,more-75,4,0.00465,-,-,-,304.99,337.04,-,-,-,-,-,0.00452,0.00456
Seychelles,97 741,High,-,AFRO,1 317.3,7.3,7.64,7.73,2,4.76,0,10.53,0.30%,no,-,-,-,-,yes,2020,4,"A dedicated authority body doesnot exist",no,-,no,-,no,-,-,-,"nothing, fully insured","nothing, fully insured",no,4,3,3,1,1,12,24.65,14.93,12.28,0,1,2,1,-,-,1,1426.22,-,-,43.98,1,1,-,-,37.86,-,22.51,306.93,-,-,-,-,1,1,more-75,2,1,34,more-75,-,-,260,192,68,253.99,10.67,306.93,235.78,873.67,1426.22,18.22,3.2,-
Sierra Leone,7 813 207,Low,-,AFRO,1 660.7,11.35,10.83,11.25,2,10.42,2.09,1.85,0.30%,yes,2019,5,no,no,no,-,-,-,no,-,no,-,no,-,-,-,"nothing, fully insured","nothing, fully insured",-,3,24,-,-,-,27,1.34,0.43,0.35,2,23,3,14,-,-,-,-,-,-,-,1,-,-,-,1.73,-,-,-,-,-,-,-,1,-,25-less,-,-,-,less-25,-,-,-,-,-,-,-,-,-,-,-,-,-,-
Singapore,5 804 343,High,-,WPRO,1 377.7,8.49,7.3,9.65,116,11.89,13.14,12.76,3.30%,yes,2017,5,yes,no,yes,2012,5,"A dedicated authority undertakesregular inspections, responds tocomplaints, and reports its findingsat least once a year",yes,2017,yes,2017,yes,-,-,-,at least 20% paid by individual,at least 20% paid by individual,yes,248,1269,-,-,-,1517,24.41,4.19,26.14,-,-,5,10,14,7,2,4318.2,-,819.09,1517.65,1,5,3,1,33.25,152.7,1.33,21.05,7.27,9.26,2,35.25,-,-,more-75,872,459,386,more-75,24,0.41,2872,-,-,174.98,178.33,176.71,4293.63,4968.46,5137.29,0.05,0.22,0.41
Slovenia,2 078 654,High,-,EURO,1 462.3,16.16,14.29,13.97,7,7.69,4.08,3.43,0.10%,yes,2018,5,yes,yes,yes,2009,5,"A dedicated authority undertakesregular inspections, responds tocomplaints, and reports its findingsat least once a year",yes,2018,yes,2018,yes,2018,-,-,"nothing, fully insured","nothing, fully insured",yes,254,820,251,40,218,1583,109.85,64.15,76.16,31,121,5,10,87,31,683,5460.31,8205.02,-,7230.25,5,1,81,22,55.95,452.31,9.53,74.38,86.02,-,11.36,-,9402,1044,-,-,-,-,-,199,9.57,8474,4304,4170,534.84,512.2,526.69,512.91,14589.39,13665.63,2.17,8.87,9.57
Solomon Islands,669 821,Lower-middle,-,WPRO,1 384.0,18.19,17.83,17.37,5,2.17,1.69,2.03,0.10%,yes,2009,4,no,no,yes,1970,5,"A dedicated authority body doesnot exist",no,-,no,-,-,-,-,-,"nothing, fully insured","nothing, fully insured",-,2,9,0,0,3,14,8.55,-,2.09,0,0,2,-,-,-,-,-,-,-,-,1,-,-,-,2.99,-,-,-,-,-,-,-,-,-,-,-,-,-,-,-,-,-,-,-,-,-,-,-,-,-,-,-,-
Somalia,15 442 906,Low,-,EMRO,1 775.1,15.2,14.83,14.66,8,10.61,12.22,8.25,1.30%,no,-,-,-,-,no,-,-,-,no,-,no,-,no,-,0,-,mostly paid by individuals,mostly paid by individuals,no,4,60,18,0,0,82,-,-,-,0,0,0,5,-,-,-,-,-,-,-,-,5,5,-,-,-,1.4,-,0.97,-,-,-,0,0,51-75,-,-,-,26-50,5,0.03,-,-,-,-,-,-,-,-,-,-,-,-
South Africa,58 558 267,Upper-middle,10.5 USD,AFRO,1 330.9,25.12,25.31,23.49,165,6.9,7.71,6.89,27.60%,yes,2013,5,no,no,yes,2002,5,"A dedicated authority undertakesregular inspections, responds tocomplaints, and reports its findingsat least once a year",yes,2003,yes,2003,yes,2013,5,46.8,"nothing, fully insured","nothing, fully insured",yes,930,142074,8996,50494,8628,211122,0.39,1.52,360.53,23,143,5,-,4939,-,652,-,2221.96,-,771.73,89,-,259,80,26.74,79.61,6.99,109.08,17.99,-,11.97,9.73,46618,8870,more-75,-,-,-,more-75,5198,8.88,-,-,-,-,2739.49,2221.96,-,-,-,-,-,-
Spain,46 736 782,High,-,EURO,2 192.2,6.16,5.54,5.28,392,7.68,7.98,8.23,6.90%,yes,2015,5,no,no,no,-,n/a,"A dedicated authority undertakesirregular inspections of mentalhealth services and irregularlyresponds to complaints of humanrights violations",yes,2011,yes,2011,yes,2011,-,-,"nothing, fully insured",-,yes,4026,-,-,-,-,-,27.38,12.96,8.61,-,-,-,-,-,-,-,-,-,-,-,-,-,-,-,15.81,-,10.76,-,-,-,-,-,-,-,25-less,-,-,-,-,-,-,-,-,-,218.42,261.63,-,-,-,-,-,-,-
Sri Lanka,21 323 734,Lower-middle,-,SEARO,1 379.4,14.98,14.17,12.89,22,9.01,5.85,5.71,11.30%,yes,2020,5,yes,yes,yes,2017,5,"A dedicated authority body doesnot exist",yes,2020,yes,2019,yes,1996,-,-,"nothing, fully insured","nothing, fully insured",-,123,624,61,72,285,1165,3.44,4.55,5.46,123,578,2,-,-,23,-,4018.99,-,47.22,-,1,36,26,2,6.61,31.68,3.5,271.83,2.13,5.36,0.37,6.31,6755,5686,51-75,6243,95,1,51-75,49,0.23,60910,20439,21354,40.4,275.7,308.87,171.45,5087.63,4066.21,1.1,0.31,0.23
Sudan,42 813 237,Low,-,EMRO,1 945.0,5.11,4.84,4.76,3,6.97,3.31,1.85,0.50%,yes,2009,4,yes,yes,yes,2016,5,"A dedicated authority body existsbut it is not functioning well",no,-,no,-,no,-,-,-,mostly paid by individuals,mostly paid by individuals,no,34,0,425,366,53,878,1.11,0.63,2.05,4,24,3,12,-,-,-,228.31,-,-,-,2,12,-,-,0.72,13.08,-,17.9,-,-,-,-,9107,-,25-less,-,-,-,less-25,-,-,212904,5672,5500,-,-,-,-,-,-,-,-,-
Suriname,581 363,Upper-middle,24.6 SRD,AMRO,1 959.6,26.54,25.47,25.89,2,9.09,9.76,5.71,0.03%,yes,2015,4,yes,yes,yes,1953,3,"A dedicated authority body existsbut it is not functioning well",no,-,no,-,yes,2016,-,-,"nothing, fully insured","nothing, fully insured",yes,10,-,39,11,231,291,50.56,18.8,50.05,1,8,3,1,51,-,2,4310.73,98.73,-,-,1,-,-,1,48.16,125.57,-,-,-,-,-,-,-,-,more-75,62,5,164,more-75,51,8.77,553,376,177,201.68,175.52,125.57,-,4715.04,4409.47,-,-,-
Sweden,10 036 391,High,"23, 614.1 SEK",EURO,2 016.6,13.04,12.15,12.37,451,14.01,12.68,13.35,8%,yes,2016,5,yes,yes,no,-,n/a,"A dedicated authority undertakesregular inspections, responds tocomplaints, and reports its findingsat least once a year",yes,2016,yes,2016,yes,2008,-,-,"nothing, fully insured",-,yes,1954,4778,8519,-,8131,23382,71.21,69.69,232.97,402,2216,1,-,-,-,-,9660.06,-,-,8985.64,-,-,-,-,-,-,-,992.91,-,-,-,314.78,-,-,26-50,3437,1150,367,more-75,-,-,40434,22548,17886,-,1076.35,992.91,-,41464.02,9660.06,-,-,-
Switzerland,8 591 361,High,524.4 CHF,EURO,2 088.6,10.7,9.76,9.83,122,11.18,9.81,9.42,2.20%,yes,2016,n/a,no,no,no,-,n/a,"A dedicated authority body doesnot exist",no,-,no,-,yes,2016,6.3,21.1,-,-,yes,4078,-,4843,-,-,8921,198.97,220.75,103.84,-,-,4,207,-,-,8,8522.78,-,-,31.61,49,23,-,4,75.1,705.8,15.63,158.9,-,-,-,10.63,64101,11108,-,5365,145,6,-,-,-,44566,20836,23730,689.79,903.9,864.71,-,-,-,-,-,-
Syrian Arab Republic,17 070 132,Low,-,EMRO,1 954.4,2.01,1.83,2.11,40,2.46,10.31,18.87,6.70%,yes,2018,5,yes,no,no,-,n/a,"A dedicated authority body doesnot exist",yes,2017,yes,2017,no,-,-,-,mostly paid by individuals,mostly paid by individuals,no,27,197,3855,2053,1127,7259,1,3.3,42.52,-,-,3,8,400,-,2,792.27,497.95,-,-,3,2,-,-,5,8.2,0.28,15.15,-,-,-,-,1400,294,51-75,623,99,6,26-50,400,2.34,17406,-,-,15.98,16.87,23.35,-,605.82,1290.22,0.08,2.14,2.34
Tajikistan,9 321 023,Low,-,EURO,1 298.6,5.04,5.38,5.32,0,3.45,6.45,0,0%,yes,2020,3,no,no,no,-,n/a,"A dedicated authority undertakesregular inspections, responds tocomplaints, and reports its findingsat least once a year",no,-,no,-,no,-,0.7,-,"nothing, fully insured",-,no,187,261,6,-,-,454,9.34,2.89,4.87,6,21,2,13,-,-,1,-,-,-,9.83,11,2,-,1,15.93,199.98,-,-,-,-,1.41,19.71,591,90,51-75,-,-,-,less-25,-,-,375,-,-,82.06,92.26,199.98,1236.78,1700.9,-,-,-,-
Thailand,69 625 581,Upper-middle,45.1 THB,SEARO,1 341.9,6.59,7.59,7.95,0,5.05,3.92,-,-,yes,2020,5,yes,yes,yes,2019,5,"A dedicated authority undertakesregular inspections, responds tocomplaints, and reports its finding at least once a year",yes,2018,yes,2018,yes,2020,2.3,81.2,at least 20% paid by individual,at least 20% paid by individual,yes,656,3855,422,135,411,5479,6.45,11.63,7.87,179,592,3,20,720,378,6,12838.23,-,-,1113.69,20,18,116,4,6.26,126.27,-,-,1.67,-,2.98,106.65,-,-,26-50,97720,-,-,less-25,1179,1.69,-,-,-,432.87,117.5,126.27,5434.67,5321.11,1557.06,0.003,0.01,1.69
Togo,8 082 359,Low,-,AFRO,-,17.79,15.97,14.81,2,3.64,2.78,3.51,0.30%,yes,2015,5,no,no,no,-,n/a,"A dedicated authority body doesnot exist",no,-,no,-,no,-,-,-,at least 20% paid by individual,at least 20% paid by individual,yes,4,26,34,5,9,78,1.02,0.78,0.97,-,-,3,1,2,-,-,-,-,-,-,1,10,-,-,1.48,-,-,-,-,-,-,-,-,-,-,-,-,-,-,2,0.02,-,-,-,13.98,0,0,30.84,16.62,0,0.03,0.08,0.02
Tonga,104 497,Upper-middle,-,WPRO,1 327.4,5.27,4.77,4.37,0,7.14,8.33,0,0.00%,yes,2020,5,no,no,yes,2020,5,"A dedicated authority undertakesregular inspections, responds tocomplaints, and reports its findingsat least once a year",no,-,no,-,no,-,1.5,1.5,"nothing, fully insured","nothing, fully insured",-,1,16,1,0,-,18,12.29,21.62,17.23,-,-,3,1,3,1,-,-,-,349.29,-,-,1,-,1,-,-,17.23,199.05,-,-,6.26,6.26,-,-,more-75,200,3,7,more-75,4,3.83,1868,180,90,199.46,160.77,199.05,-,479.49,349.29,5.67,-,3.83
Trinidad and Tobago,1 394 969,High,181.1 TTD,AMRO,1 777.4,10.14,9.23,8.28,1,1.61,6.52,1.75,0.02%,yes,2019,5,no,no,yes,2014,3,"A dedicated authority undertakesirregular inspections of mentalhealth services and irregularlyresponds to complaints of humanrights violations",yes,2020,yes,2020,yes,2020,-,90.1,at least 20% paid by individual,at least 20% paid by individual,-,31,424,14,40,307,816,62.86,-,58.5,13,31,3,3,29,-,4,149.47,4381.46,-,1730.25,1,3,3,1,51.83,136.63,3.8,106.1,7.89,-,1.08,-,1906,1655,51-75,230,208,237,more-75,32,2.29,19596,8140,9579,220.2,163.15,242.73,3974.9,1644.6,4530.93,1.12,0.66,2.29
Tunisia,11 694 721,Lower-middle,-,EMRO,2 106.0,3.17,2.98,3.18,27,5,4.34,5.65,4.50%,yes,2013,2,no,no,yes,2005,4,"A dedicated authority undertakesirregular inspections of mentalhealth services and irregularlyresponds to complaints of humanrights violations",no,-,no,-,yes,2013,-,-,"nothing, fully insured","nothing, fully insured",yes,338,393,190,27,78,1026,3.99,0.2,8.77,46,78,3,28,-,4,19,2383.33,-,5.37,1194.68,1,10,2,6,4.75,62.19,3.1,25.92,1.49,-,5.3,5.39,-,-,51-75,-,-,-,51-75,6,0.05,-,-,-,66.9,-,88.11,-,-,-,0.01,-,0.05
Turkey,83 429 607,Upper-middle,-,EURO,1 807.8,2.27,2.26,2.34,183,6.2,7.78,7.83,3.20%,yes,2020,5,yes,yes,no,-,n/a,"A dedicated authority body doesnot exist",no,-,no,-,yes,2011,-,-,"nothing, fully insured","nothing, fully insured",yes,1847,150322,2699,1969,-,156837,3.71,156.21,187.99,397,397,5,1161,177,-,147,284.55,116.38,-,2815.14,9,230,-,39,4.56,64.17,4.55,202.9,-,-,0.89,1456.47,73160,497,51-75,55169,-,-,51-75,177,0.21,312675,192365,120310,-,-,-,-,-,-,0.09,0.36,0.21
Turkmenistan,5 942 094,Upper-middle,0.002 TMT,EURO,1 333.6,7.42,6.59,6.07,0,-,-,-,0.05%,yes,2018,3,no,no,yes,2017,3,"A dedicated authority body doesnot exist",no,-,no,-,no,-,1.3,-,"nothing, fully insured","nothing, fully insured",yes,134,-,1,0,0,135,-,-,-,8,10,3,-,-,-,-,-,-,-,-,8,-,-,-,27.52,220.19,-,-,-,-,3.25,46.27,-,-,26-50,-,-,-,51-75,-,-,-,-,-,-,-,-,-,-,-,-,-,-
Tuvalu,11 655,Upper-middle,-,WPRO,-,-,-,-,6,1.54,4.76,7.32,0.20%,no,-,n/a,no,no,yes,2008,n/a,"A dedicated authority body existsbut it is not functioning well",no,-,no,-,no,-,-,-,"nothing, fully insured","nothing, fully insured",yes,0,0,3,1,0,4,-,-,-,0,3,1,0,-,-,-,171.6,-,-,-,-,1,-,-,-,-,17.16,42.9,-,-,-,-,5,0,26-50,5,-,-,-,-,-,25,-,-,-,-,-,-,-,-,-,-,-
Uganda,44 269 587,Low,532.9 UGX,AFRO,2153.3,12.38,11.06,10.45,70,6.29,4.72,7.83,11.70%,yes,2014,5,yes,no,yes,2019,5,"A dedicated authority body existsbut it is not functioning well",yes,2017,yes,2017,yes,2014,2.9,-,"nothing, fully insured","nothing, fully insured",-,42,780,45,35,234,1136,1.03,2.44,2.57,7,129,3,-,-,-,129,-,-,-,24.64,16,120,-,14,1.24,-,2.44,1639.95,-,-,0.08,0.59,-,-,51-75,10900,1078,-,26-50,-,-,50919,-,-,-,386.09,1639.95,-,-,-,-,-,-
Ukraine,43 993 643,Lower-middle,-,EURO,1 575.6,18.66,17.56,17.73,35,7.66,8.94,10.54,0.60%,yes,2017,5,no,no,yes,2000,5,"A dedicated authority undertakesregular inspections, responds tocomplaints, and reports its findingsat least once a year",yes,2017,yes,2017,no,-,-,-,at least 20% paid by individual,at least 20% paid by individual,yes,2463,10551,412,305,1373,15104,-,6.93,34.33,245,343,3,584,8,66,555,3308.71,131.58,70.62,1766.11,60,51,196,34,61.05,483.13,1.6,52.47,67.9,-,14.06,181.26,214599,3050,51-75,-,-,-,51-75,270,0.61,247308,121833,116714,-,443.81,535.61,-,-,-,-,1.58,0.61
United Arab Emirates,9 770 526,High,-,EMRO,1 712.2,5.91,4.97,5.24,4,4.48,7.14,2.56,0.70%,yes,2017,5,yes,yes,yes,2020,5,"A dedicated authority undertakesregular inspections, responds tocomplaints, and reports its findingsat least once a year",yes,2016,yes,2016,no,-,-,-,"nothing, fully insured","nothing, fully insured",yes,414,3777,282,77,264,4914,1.78,7.19,50.29,1,2,3,31,1,113,2,600.08,1.72,2373.8,397.46,2,27,-,1,3.17,19.73,1.9,51.92,-,-,0.43,1.09,0,0,more-75,6679,322,0,more-75,114,1.17,49213,27178,22036,11,12.06,71.65,-,454.49,2975.6,-,0.37,1.17
United Kingdom,67 530 161,High,-,EURO,1 959.2,7.71,7.62,6.88,1282,9.58,9.88,12.2,22.70%,yes,2019,5,yes,yes,yes,2007,5,"A dedicated authority undertakesregular inspections, responds tocomplaints, and reports its findingsat least once a year",yes,2019,yes,2019,yes,2019,-,-,"nothing, fully insured","nothing, fully insured",yes,9295,37557,13350,3208,72418,135828,106.1,-,201.14,1612,1612,-,-,-,-,-,2948.14,-,-,647,-,-,-,-,26.87,148.61,-,-,-,-,-,1.57,124935,49633,more-75,17275,6147,1992,-,-,-,120508,69011,51465,-,152.55,148.61,3335.08,18587.97,2948.14,-,-,-
United Republic of Tanzania,58 005 461,Lower-middle,-,AFRO,1 721.6,8.64,8.32,8.15,28,2.33,3.42,3.49,4.70%,no,-,n/a,yes,yes,yes,2008,5,"A dedicated authority undertakesregular inspections, responds tocomplaints, and reports its findingsat least once a year",no,-,no,-,no,-,4,-,at least 20% paid by individual,at least 20% paid by individual,yes,38,495,17,29,181,760,0.25,0.51,1.31,38,69,3,157,-,-,-,974.43,-,-,-,6,19,3,-,1.67,-,0.67,-,0.1,-,-,-,-,-,51-75,-,-,-,26-50,3,0.005,55246,-,-,6.86,12.25,-,54.95,129.92,974.43,-,0.007,0.005
United States of America,329 064 917,High,-,AMRO,2137.7,12.04,13.65,14.51,4856,9.02,8.997,11.45,73.10%,yes,2018,5,-,-,no,-,n/a,"A dedicated authority undertakesirregular inspections of mentalhealth services and irregularlyresponds to complaints of humanrights violations",yes,2018,yes,2018,yes,2012,-,-,at least 20% paid by individual,at least 20% paid by individual,-,-,-,-,-,-,-,106.1,145.79,-,-,-,-,-,-,-,-,-,-,-,-,-,-,-,-,-,-,-,-,-,-,-,-,-,-,-,-,-,-,-,-,-,-,-,-,132.55,28.01,-,-,-,-,-,-,-
Uruguay,3 461 731,High,-,AMRO,1 793.7,14.16,18.7,18.83,10,2.2,2.5,8.06,0.20%,yes,2020,5,no,no,yes,2017,5,"A dedicated authority undertakesregular inspections, responds tocomplaints, and reports its findingsat least once a year",yes,2020,yes,2017,yes,2021,-,-,at least 20% paid by individual,at least 20% paid by individual,yes,544,1005,1063,-,-,1549,16.91,14.13,44.7,112,112,3,8,87,-,52,-,-,-,52,2,18,13,-,28.89,-,1.96,-,4.04,-,-,-,-,-,26-50,1179,-,-,51-75,99,2.86,-,-,-,-,-,-,-,-,-,0.15,0.61,2.86
Vanuatu,299 882,Lower-middle,-,WPRO,1 374.8,21.76,21,20.96,1,0,0,5.56,0.00%,yes,2016,5,yes,yes,yes,2017,5,"A dedicated authority body doesnot exist",yes,2016,yes,2016,no,-,1,-,"nothing, fully insured","nothing, fully insured",yes,1,8,4,0,0,13,2.71,6.42,4.34,1,9,3,6,6,0,2,189.74,-,-,-,-,2,-,2,-,-,1,1.67,-,-,2.07,-,-,-,51-75,-,-,-,26-50,6,2,429,346,83,-,6.05,1.67,-,179.89,189.74,-,-,-
Venezuela,28 515 829,Upper-middle,-,AMRO,1 626.2,2.61,2.29,2.1,7,2.8,3.13,5.3,0.10%,no,-,n/a,yes,yes,no,-,n/a,"A dedicated authority undertakesregular inspections, responds tocomplaints, and reports its findingsat least once a year",no,-,no,-,no,-,-,-,"nothing, fully insured",at least 20% paid by individual,yes,304,792,212,71,95,1474,-,-,-,5,23,3,61,118,3,4,119.31,9.52,4.76,894.99,9,21,-,1,2.02,28.33,0.66,15.24,-,-,0.78,0.03,-,-,25-less,8078,6350,968,26-50,121,0.42,-,-,-,-,-,-,-,-,-,-,-,-
Vietnam,96 462 108,Lower-middle,-,WPRO,1 150.2,7.53,7.58,7.22,48,8.35,9.21,5.59,1.40%,yes,2020,5,no,no,no,-,n/a,"A dedicated authority body doesnot exist",no,-,no,-,no,-,-,-,"nothing, fully insured","nothing, fully insured",yes,951,2791,102,36,135,4015,3.91,-,4.16,-,-,3,-,-,7,-,-,-,124.4,-,43,21,-,4,8.47,94.24,0.26,3.11,-,-,0.35,-,-,-,more-75,90908,0,0,less-25,7,0.007,36807,-,-,-,-,-,-,-,-,0.033,-,0.007
Yemen,29 161 922,Low,-,EMRO,2 041.0,7.11,6.98,7.06,2,10.17,1.19,2.74,0.30%,yes,2020,5,yes,no,no,-,n/a,-,no,-,no,-,no,-,-,-,at least 20% paid by individual,mostly paid by individuals,-,59,141,125,48,15,388,-,0.99,1.33,0,0,0,22,-,-,-,193.95,-,-,-,7,1,6,-,3.39,15.32,0.08,0.92,1.36,1.36,-,-,-,-,25-less,4803,-,-,less-25,6,0.02,-,-,-,0,0,17.6,0,0,193.95,0,0,0.02
Zambia,17 861 034,Lower-middle,0.5 ZMW,AFRO,1 629.3,17.01,16.71,14.43,9,3.85,1.52,3.16,1.50%,yes,2005,5,yes,no,yes,2019,5,"A dedicated authority body existsbut it is not functioning well",no,-,no,-,no,-,0.1,96.7,"nothing, fully insured",-,yes,10,425,15,-,310,760,1.16,1.53,4.26,0,0,3,16,-,-,-,32.05,-,-,-,1,14,-,-,1.18,3.5,1.62,-,-,-,-,-,626,-,26-50,608,9,9,less-25,-,-,1477,888,489,196.82,32.28,3.5,14.58,-,32.05,0.02,0.04,-
Zimbabwe,14 645 473,Lower-middle,-,AFRO,1 385.0,31.4,28.7,23.63,9,2.14,4.84,3.88,1.50%,yes,2004,5,no,no,yes,1999,n/a,"A dedicated authority body existsbut it is not functioning well",no,-,no,-,no,-,0.4,-,"nothing, fully insured","nothing, fully insured",-,1,300,3,7,-,311,3.14,4.34,2.12,-,-,1,1,-,-,-,10.24,-,-,-,1,4,-,-,4.85,10.24,-,-,-,-,-,-,-,-,25-less,-,-,-,less-25,-,-,-,-,-,19.81,23.47,10.24,572.81,904.98,10.24,0.048,0.057,-